pers;date_begin;date_end;date diff;fr;en;pt;es;authors;reviewers;editor;translator;total contrib;orcid_id;have_orcid;fr_contrib;en_contrib;pt_contrib;es_contrib;authors_contrib;reviewers_contrib;editor_contrib;translator_contrib;role2;city2;country2;institution2;speciality2
Hugo Bonin;19/06/2019;19/06/2019;0;1;0;0;0;0;0;0;1;1;0000-0002-9029-5564;1;1;0;0;0;0;0;0;1;Phd;QC;CA;UniversitÃ© du QuÃ©bec Ã  MontrÃ©al;Political Science
Sofia Papastamkou;10/04/2019;01/04/2022;3;16;1;0;0;0;2;13;2;17;0000-0002-5148-1348;1;1;1;0;0;0;1;1;1;None;None;None;None;None
FranÃ§ois Dominic LaramÃ©e;20/02/2018;10/06/2021;3;14;2;0;0;1;7;5;3;16;0000-0001-5542-3754;1;1;1;0;0;1;1;1;1;Post-doc;Ottawa;CA;University of Ottawa;Faculty of Medicine
Nicolas Frerebeau;24/03/2021;24/03/2021;0;1;0;0;0;1;0;0;0;1;0000-0001-5759-4944;1;1;0;0;0;1;0;0;0;None;None;None;None;None
Brice Lebrun;24/03/2021;24/03/2021;0;1;0;0;0;1;0;0;0;1;0000-0001-7503-8685;1;1;0;0;0;1;0;0;0;None;None;None;None;None
Guillaume Florent;24/03/2021;24/03/2021;0;1;0;0;0;0;1;0;0;1;0000-0002-4553-8993;1;1;0;0;0;0;1;0;0;None;None;None;None;None
Lizzie Scholtus;24/03/2021;24/03/2021;0;1;0;0;0;0;1;0;0;1;0000-0001-8627-8991;1;1;0;0;0;0;1;0;0;None;None;None;None;None
Marie-Anne Vibet;24/03/2021;24/03/2021;0;1;0;0;0;0;1;0;0;1;0000-0003-4003-3141;1;1;0;0;0;0;1;0;0;None;None;None;None;None
Alix ChaguÃ©;01/07/2019;09/05/2020;1;3;0;0;0;0;2;0;1;3;0000-0002-0136-4434;1;1;0;0;0;0;1;0;1;None;None;None;None;None
Thomas Soubiran;15/01/2020;06/10/2021;1;2;0;0;0;0;1;0;1;2;0000-0001-8531-8488;1;1;0;0;0;0;1;0;1;None;None;None;None;None
Sylvain Machefert;01/07/2019;09/05/2020;1;3;0;0;0;0;1;0;2;3;0000-0001-9288-1754;1;1;0;0;0;0;1;0;1;None;None;None;None;None
FrÃ©dÃ©ric Clavert;06/07/2019;16/10/2019;0;1;1;0;0;0;2;0;0;2;0000-0002-0237-2532;1;1;1;0;0;0;1;0;0;None;None;None;None;None
DÃ©borah Dubald;10/04/2020;10/04/2020;0;1;0;0;0;0;1;0;0;1;0000-0002-2128-0641;1;1;0;0;0;0;1;0;0;None;None;None;None;None
Catherine Paulin;10/04/2020;10/04/2020;0;1;0;0;0;0;1;0;0;1;0000-0002-3440-6039;1;1;0;0;0;0;1;0;0;None;None;None;None;None
CÃ©lian Ringwald;10/06/2021;10/09/2021;0;2;0;0;0;0;1;1;0;2;0000-0002-7302-9037;1;1;0;0;0;0;1;1;0;None;None;None;None;None
Antoine Gourlay;19/11/2021;19/11/2021;0;1;0;0;0;0;0;0;1;1;0000-0002-1016-213X;1;1;0;0;0;0;0;0;1;None;None;None;None;None
GwenaÃ«lle Patat;19/11/2021;19/11/2021;0;1;0;0;0;0;0;1;0;1;0000-0002-8520-3485;1;1;0;0;0;0;0;1;0;None;None;None;None;None
Floriane Chiffoleau;19/11/2021;19/11/2021;0;1;0;0;0;0;1;0;0;1;0000-0003-4482-7897;1;1;0;0;0;0;1;0;0;None;None;None;None;None
Lucas Terriel;06/01/2021;06/01/2021;0;1;0;0;0;0;0;0;1;1;0000-0002-9189-258X;1;1;0;0;0;0;0;0;1;None;None;None;None;None
Marie-Christine Boucher;02/04/2020;10/06/2021;1;5;0;0;0;0;3;1;1;5;0000-0002-2475-3184;1;1;0;0;0;0;1;1;1;None;None;None;None;None
Matthias Gille Levenson;06/10/2021;06/10/2021;0;1;0;0;0;0;0;1;0;1;0000-0001-9488-5986;1;1;0;0;0;0;0;1;0;None;None;None;None;None
Alexandre Bartz;06/10/2021;06/10/2021;0;1;0;0;0;0;1;0;0;1;0000-0003-0850-8266;1;1;0;0;0;0;1;0;0;None;None;None;None;None
Antoine Courtin;09/05/2020;09/05/2020;0;1;0;0;0;0;1;0;0;1;0000-0003-0275-5143;1;1;0;0;0;0;1;0;0;Chef du service numÃ©rique de la recherche;Paris;FR;" ""Institut National d'Histoire de l'Art""";DÃ©partement des Ã©tudes et de la recherche
Vincent Paillusson;01/04/2022;01/04/2022;0;1;0;0;0;1;0;0;0;1;0000-0003-1286-3893;1;1;0;0;0;1;0;0;0;None;None;None;None;None
Manon Durier;01/04/2022;01/04/2022;0;1;0;0;0;0;1;0;0;1;0000-0001-5318-9167;1;1;0;0;0;0;1;0;0;None;None;None;None;None
Viera Rebolledo-Dhuin;01/04/2022;01/04/2022;0;1;0;0;0;0;1;0;0;1;0000-0002-4903-1372;1;1;0;0;0;0;1;0;0;None;None;None;None;None
Antoine Henry;10/06/2021;01/04/2022;1;2;0;0;0;0;1;1;0;2;0000-0003-4722-4610;1;1;0;0;0;0;1;1;0;None;None;None;None;None
Isabelle Gribomont;03/05/2019;03/05/2019;0;1;0;0;0;0;1;0;0;1;0000-0001-7443-5849;1;1;0;0;0;0;1;0;0;None;None;None;None;None
Marie Puren;10/04/2019;30/07/2020;1;2;0;0;0;0;2;0;0;2;0000-0001-5452-3913;1;1;0;0;0;0;1;0;0;Post-doc;Lyon;FR;CNRS;LARHRA
Florian Cafiero;02/04/2020;02/04/2020;0;1;0;0;0;0;1;0;0;1;0000-0002-1951-6942;1;1;0;0;0;0;1;0;0;None;None;None;None;None
Martin Grandjean;16/01/2020;16/01/2020;0;1;0;0;0;0;1;0;0;1;0000-0003-3184-3943;1;1;0;0;0;0;1;0;0;None;None;None;None;None
Arthur Perret;09/09/2020;09/09/2020;0;1;0;0;0;0;1;0;0;1;0000-0002-4130-6669;1;1;0;0;0;0;1;0;0;None;None;None;None;None
Matthew J. Lavin;13/05/2019;13/05/2019;0;0;1;0;0;1;0;0;0;1;0000-0003-3867-9138;1;0;1;0;0;1;0;0;0;Clinical Assistant Professor and Director of Digital Media Lab;Pittsburgh;US;University of Pittsburgh;English
Quinn Dombrowski;13/05/2019;08/12/2019;0;0;2;0;0;1;1;0;0;2;0000-0001-5802-6623;1;0;1;0;0;1;1;0;0;None;None;None;None;None
Zoe LeBlanc;27/07/2018;13/05/2019;1;0;3;0;0;0;2;1;0;3;0000-0003-2012-8805;1;0;1;0;0;0;1;1;0;None;None;None;None;None
Nick Ruest;13/09/2013;29/08/2017;4;0;3;0;0;0;3;0;0;3;0000-0003-1891-1112;1;0;1;0;0;0;1;0;0;None;None;None;None;None
Konrad Lawson;13/09/2013;13/09/2013;0;0;1;0;0;0;1;0;0;1;0000-0002-0276-8078;1;0;1;0;0;0;1;0;0;None;None;None;None;None
Ian Milligan;27/06/2012;27/07/2018;6;0;14;0;0;4;0;10;0;14;0000-0002-1470-7723;1;0;1;0;0;1;0;1;0;Intern;Toronto;CA;University of Toronto;Faculty of Information Studies
AurÃ©lien Berra;27/06/2012;27/06/2012;0;0;1;0;0;0;1;0;0;1;0000-0002-1695-8497;1;0;1;0;0;0;1;0;0;None;None;None;None;None
Adam Crymble;27/06/2012;22/05/2019;7;0;46;0;17;20;5;38;0;63;0000-0003-4343-0265;1;0;1;0;1;1;1;1;0;Senior Lecturer;Hatfield;GB;University of Hertfordshire;History
Taylor Arnold;27/03/2017;05/05/2020;3;0;4;0;0;1;3;0;0;4;0000-0002-3575-1512;1;0;1;0;0;1;1;0;0;None;None;None;None;None
Lauren Tilton;27/03/2017;20/08/2018;1;0;3;0;0;1;2;0;0;3;0000-0003-4629-8888;1;0;1;0;0;1;1;0;0;None;None;None;None;None
Brandon Walsh;05/08/2016;04/12/2021;5;0;11;0;0;2;1;8;0;11;0000-0002-2785-3519;1;0;1;0;0;1;1;1;0;Mellon Digital Humanities Fellow and Visiting Assistant Professor of English;Lexington;US;Washington and Lee University;University of Virginia
John Russell;05/09/2016;27/03/2017;1;0;2;0;0;0;2;0;0;2;0000-0002-7998-940X;1;0;1;0;0;0;1;0;0;None;None;None;None;None
Jeri Wieringa;21/07/2016;08/12/2019;3;0;5;0;0;0;1;4;0;5;0000-0002-9364-2808;1;0;1;0;0;0;1;1;0;Phd;Fairfax;US;George Mason University;History and Art History
Brad Rittenhouse;16/10/2019;16/10/2019;0;0;1;0;0;1;0;0;0;1;0000-0002-0669-8724;1;0;1;0;0;1;0;0;0;None;None;None;None;None
Courtney Allen;16/10/2019;16/10/2019;0;0;1;0;0;1;0;0;0;1;0000-0002-5750-5988;1;0;1;0;0;1;0;0;0;None;None;None;None;None
Telmo Menezes;16/10/2019;16/10/2019;0;0;1;0;0;0;1;0;0;1;0000-0001-7204-6428;1;0;1;0;0;0;1;0;0;None;None;None;None;None
Amanda Visconti;18/04/2016;23/11/2020;4;0;3;0;0;2;0;1;0;3;0000-0001-8584-8323;1;0;1;0;0;1;0;1;0;None;None;None;None;None
Paige Morgan;18/04/2016;18/04/2016;0;0;1;0;0;0;1;0;0;1;0000-0001-8076-7356;1;0;1;0;0;0;1;0;0;Digital Humanities Librarian;Coral Gables;US;University of Miami;University of Miami Libraries
Seth van Hooland;05/08/2013;05/08/2013;0;0;1;0;0;1;0;0;0;1;0000-0003-2612-2228;1;0;1;0;0;1;0;0;0;None;None;None;None;None
Ruben Verborgh;05/08/2013;05/08/2013;0;0;1;0;0;1;0;0;0;1;0000-0002-8596-222X;1;0;1;0;0;1;0;0;0;None;None;None;None;None
Max De Wilde;05/08/2013;05/08/2013;0;0;1;0;0;1;0;0;0;1;0000-0002-6834-0250;1;0;1;0;0;1;0;0;0;Phd;Brussels;BE;UniversitÃ© Libre de Bruxelles;Information Science
Patrick Burns;22/06/2013;08/12/2019;6;0;3;0;0;0;3;0;0;3;0000-0003-2158-866X;1;0;1;0;0;0;1;0;0;Phd;Bronx;US;Fordham University;Classics
Melanie Walsh;29/09/2021;29/09/2021;0;0;1;0;0;0;1;0;0;1;0000-0003-4558-3310;1;0;1;0;0;0;1;0;0;None;None;None;None;None
William J. Turkel;17/07/2012;17/12/2014;2;0;20;0;0;17;1;2;0;20;0000-0003-4734-9894;1;0;1;0;0;1;1;1;0;None;None;None;None;None
Jim Clifford;17/07/2012;29/08/2017;5;0;22;0;0;4;18;0;0;22;0000-0003-2004-5161;1;0;1;0;0;1;1;0;0;None;None;None;None;None
M. Willis Monroe;23/11/2020;23/11/2020;0;0;1;0;0;0;1;0;0;1;0000-0002-9126-2991;1;0;1;0;0;0;1;0;0;None;None;None;None;None
Jessica Parr;29/08/2017;23/11/2020;3;0;4;0;0;0;0;4;0;4;0000-0003-4981-1587;1;0;1;0;0;0;0;1;0;None;None;None;None;None
John R. Ladd;23/08/2017;05/05/2020;3;0;2;0;0;2;0;0;0;2;0000-0002-5440-062X;1;0;1;0;0;1;0;0;0;Post-doc;Evanston;US;Northwestern University;Alice Kaplan Institute for the Humanities
Sarah Connell;05/05/2020;05/05/2020;0;0;1;0;0;0;1;0;0;1;0000-0001-9202-5798;1;0;1;0;0;0;1;0;0;None;None;None;None;None
Heather Froehlich;19/06/2015;19/06/2015;0;0;1;0;0;1;0;0;0;1;0000-0001-9984-725X;1;0;1;0;0;1;0;0;0;Phd;Glasgow;GB;University of Strathclyde;English
Rob Sieczkiewicz;19/06/2015;19/06/2015;0;0;1;0;0;0;1;0;0;1;0000-0002-4429-136X;1;0;1;0;0;0;1;0;0;None;None;None;None;None
Ryan Deschamps;31/07/2017;04/11/2018;1;0;6;0;0;1;5;0;0;6;0000-0001-7934-6845;1;0;1;0;0;1;1;0;0;None;None;None;None;None
Sandra van Ginhoven;13/09/2017;13/09/2017;0;0;1;0;0;0;1;0;0;1;0000-0001-6785-0809;1;0;1;0;0;0;1;0;0;None;None;None;None;None
Matthew Lincoln;24/05/2016;04/11/2018;2;0;4;0;0;1;1;2;0;4;0000-0002-4387-3384;1;0;1;0;0;1;1;1;0; None;Los Angeles;US;Getty Research Institute; None
Frederik Elwert;17/07/2012;01/12/2015;3;0;10;0;0;0;10;0;0;10;0000-0001-9149-9377;1;0;1;0;0;0;1;0;0;Phd;Bochum;DE;Ruhr-Universitat Bochum; None
Megan R. Brett;24/02/2016;24/02/2016;0;0;1;0;0;1;0;0;0;1;0000-0002-7474-7196;1;0;1;0;0;1;0;0;0;None;None;None;None;None
Sheila Brennan;24/02/2016;24/02/2016;0;0;1;0;0;0;1;0;0;1;0000-0002-7883-2996;1;0;1;0;0;0;1;0;0;Associate Director;Fairfax;US;George Mason University;Roy Rosenzweig Center for History and New Media
Megan Kudzia;02/04/2018;17/05/2021;3;0;2;0;0;0;2;0;0;2;0000-0003-0900-6823;1;0;1;0;0;0;1;0;0;None;None;None;None;None
Jason Crider;10/08/2018;10/08/2018;0;0;1;0;0;0;1;0;0;1;0000-0003-2897-2090;1;0;1;0;0;0;1;0;0;Graduate Research Fellow;Gainesville;US;University of Florida;English
Sean Morey;10/08/2018;10/08/2018;0;0;1;0;0;0;1;0;0;1;0000-0002-8409-6091;1;0;1;0;0;0;1;0;0;None;None;None;None;None
Marten DÃ¼ring;18/02/2015;18/02/2015;0;0;1;0;0;1;0;0;0;1;0000-0001-7411-771X;1;0;1;0;0;1;0;0;0;None;None;None;None;None
Ryan Cordell;18/02/2015;18/02/2015;0;0;1;0;0;0;1;0;0;1;0000-0002-4345-0533;1;0;1;0;0;0;1;0;0;Associate Professor;Boston;US;Northeastern University;English
Halle Burns;17/05/2021;17/05/2021;0;0;1;0;0;1;0;0;0;1;0000-0003-2346-2876;1;0;1;0;0;1;0;0;0;None;None;None;None;None
Brandon Locke;17/05/2021;17/05/2021;0;0;1;0;0;0;1;0;0;1;0000-0001-8531-3927;1;0;1;0;0;0;1;0;0;None;None;None;None;None
Matteo Romanello;16/05/2021;16/05/2021;0;0;1;0;0;1;0;0;0;1;0000-0002-7406-6286;1;0;1;0;0;1;0;0;0;None;None;None;None;None
Simon Hengchen;16/05/2021;16/05/2021;0;0;1;0;0;1;0;0;0;1;0000-0002-8453-7221;1;0;1;0;0;1;0;0;0;None;None;None;None;None
Anna-Maria Sichani;18/03/2019;11/02/2022;3;0;5;0;0;0;0;5;0;5;0000-0001-6778-4610;1;0;1;0;0;0;0;1;0;None;None;None;None;None
Sharon Howard;11/11/2012;30/04/2014;2;0;2;0;0;0;2;0;0;2;0000-0002-6051-6274;1;0;1;0;0;0;1;0;0;Project Manager;Sheffield;GB;University of Sheffield;Digital Humanities Institute
Joanna Swafford;05/08/2016;05/08/2016;0;0;1;0;0;0;1;0;0;1;0000-0003-4125-2813;1;0;1;0;0;0;1;0;0;Assistant Professor;New Paltz;US;SUNY New Paltz Department of English;English
Jessica Otis;23/08/2017;23/08/2017;0;0;1;0;0;1;0;0;0;1;0000-0001-5519-8331;1;0;1;0;0;1;0;0;0;Digital Humanities Specialist;Pittsburgh;US;Carnegie Mellon University;University Libraries
Christopher N. Warren;23/08/2017;23/08/2017;0;0;1;0;0;1;0;0;0;1;0000-0002-9881-682X;1;0;1;0;0;1;0;0;0;None;None;None;None;None
Scott Weingart;02/09/2012;23/08/2017;5;0;2;0;0;2;0;0;0;2;0000-0001-9792-9446;1;0;1;0;0;1;0;0;0;None;None;None;None;None
Elisa Beshero-Bondar;23/08/2017;23/08/2017;0;0;1;0;0;0;1;0;0;1;0000-0002-1709-2314;1;0;1;0;0;0;1;0;0;Associate Professor;Greensburg;US;University of Pittsburgh at Greensburg;Humanities Division
Qiwei Li;23/08/2017;23/08/2017;0;0;1;0;0;0;1;0;0;1;0000-0002-1020-3050;1;0;1;0;0;0;1;0;0;Assistant Professor;Dallas;US;University of Texas Southwestern Medical Center;Medical Center
Stephen Krewson;14/01/2019;14/01/2019;0;0;1;0;0;1;0;0;0;1;0000-0002-6086-0649;1;0;1;0;0;1;0;0;0;None;None;None;None;None
Catherine DeRose;22/11/2016;30/01/2020;4;0;3;0;0;0;3;0;0;3;0000-0002-0384-7704;1;0;1;0;0;0;1;0;0;Outreach and Engagement Manager;New Haven;US;Yale University;Digital Humanities Lab
Evan Peter Williamson;12/08/2017;12/08/2017;0;0;1;0;0;1;0;0;0;1;0000-0002-7990-9924;1;0;1;0;0;1;0;0;0;None;None;None;None;None
Peggy Griesinger;12/08/2017;12/08/2017;0;0;1;0;0;0;1;0;0;1;0000-0003-2771-5367;1;0;1;0;0;0;1;0;0;Metadata & Cataloging Librarian;Fairfax;US;George Mason University;University Libraries
Susan Grunewald;11/02/2022;11/02/2022;0;0;1;0;0;1;0;0;0;1;0000-0003-1275-4101;1;0;1;0;0;1;0;0;0;None;None;None;None;None
Andrew Janco;11/02/2022;11/02/2022;0;0;1;0;0;1;0;0;0;1;0000-0002-8872-9474;1;0;1;0;0;1;0;0;0;None;None;None;None;None
Randa El Khatib;11/02/2022;11/02/2022;0;0;1;0;0;0;1;0;0;1;0000-0002-2480-4746;1;0;1;0;0;0;1;0;0;None;None;None;None;None
Brandon Hawk;25/11/2014;25/11/2014;0;0;1;0;0;0;1;0;0;1;0000-0002-5406-8807;1;0;1;0;0;0;1;0;0;None;None;None;None;None
Justin Colson;27/01/2017;27/01/2017;0;0;1;0;0;1;0;0;0;1;0000-0002-4352-2154;1;0;1;0;0;1;0;0;0;Lecturer;Colchester;GB;University of Essex;History
Adam Dennett;27/01/2017;27/01/2017;0;0;1;0;0;0;1;0;0;1;0000-0003-2742-5968;1;0;1;0;0;0;1;0;0;None;None;None;None;None
Beatrice Alex;31/10/2017;31/10/2017;0;0;1;0;0;1;0;0;0;1;0000-0002-7279-1476;1;0;1;0;0;1;0;0;0;None;None;None;None;None
Anouk Lang;31/10/2017;31/10/2017;0;0;1;0;0;0;1;0;0;1;0000-0001-9597-1026;1;0;1;0;0;0;1;0;0;None;None;None;None;None
Sarah Simpkin;13/12/2013;31/10/2017;4;0;4;0;0;1;3;0;0;4;0000-0003-0774-4777;1;0;1;0;0;1;1;0;0;None;None;None;None;None
Josh MacFadyen;13/12/2013;13/12/2013;0;0;4;0;0;4;0;0;0;4;0000-0002-1568-8843;1;0;1;0;0;1;0;0;0;None;None;None;None;None
Daniel Macfarlane;13/12/2013;13/12/2013;0;0;4;0;0;4;0;0;0;4;0000-0001-6268-8945;1;0;1;0;0;1;0;0;0;None;None;None;None;None
Finn Arne JÃ¸rgensen;13/12/2013;13/12/2013;0;0;4;0;0;0;4;0;0;4;0000-0003-3696-4189;1;0;1;0;0;0;1;0;0;Associate Professor;UmeÃ¥;SE;UmeÃ¥ University;Department of Historical, Philosophical, and Religious Studies
Peter Webster;13/12/2013;13/12/2013;0;0;2;0;0;0;2;0;0;2;0000-0001-6801-0852;1;0;1;0;0;0;1;0;0;None;None;None;None;None
Abby Schreiber;13/12/2013;13/12/2013;0;0;2;0;0;0;2;0;0;2;0000-0003-2350-049X;1;0;1;0;0;0;1;0;0;None;None;None;None;None
Eric Weinberg;20/08/2018;20/08/2018;0;0;1;0;0;1;0;0;0;1;0000-0002-3311-1060;1;0;1;0;0;1;0;0;0;None;None;None;None;None
John Fink;02/09/2012;13/11/2015;3;0;2;0;0;0;2;0;0;2;0000-0001-5301-5626;1;0;1;0;0;0;1;0;0;None;None;None;None;None
Nancy Lemay;13/11/2015;13/11/2015;0;0;1;0;0;0;1;0;0;1;0000-0003-0311-5252;1;0;1;0;0;0;1;0;0;None;None;None;None;None
Jeff Blackadar;03/05/2018;03/05/2018;0;0;1;0;0;1;0;0;0;1;0000-0002-8160-0942;1;0;1;0;0;1;0;0;0;Bachelor;Ottawa;CA;Carleton University;History
Simon Appleford;03/05/2018;03/05/2018;0;0;1;0;0;0;1;0;0;1;0000-0003-2192-7860;1;0;1;0;0;0;1;0;0;None;None;None;None;None
Oliver Duke-Williams;18/03/2019;18/03/2019;0;0;1;0;0;0;1;0;0;1;0000-0001-8050-1881;1;0;1;0;0;0;1;0;0;None;None;None;None;None
Jonathan Reeve;24/07/2016;24/07/2016;0;0;1;0;0;1;0;0;0;1;0000-0003-2827-1569;1;0;1;0;0;1;0;0;0;None;None;None;None;None
Ben Hurwitz;06/05/2013;06/05/2013;0;0;1;0;0;0;1;0;0;1;0000-0003-2670-6514;1;0;1;0;0;0;1;0;0;None;None;None;None;None
Gabi Kirilloff;04/12/2021;04/12/2021;0;0;1;0;0;1;0;0;0;1;0000-0003-2696-1419;1;0;1;0;0;1;0;0;0;None;None;None;None;None
Shawn Graham;02/09/2012;04/12/2021;9;0;6;0;0;3;3;0;0;6;0000-0002-2887-3554;1;0;1;0;0;1;1;0;0;None;None;None;None;None
Allison Hegel;20/09/2014;20/09/2014;0;0;2;0;0;0;2;0;0;2;0000-0001-7750-7246;1;0;1;0;0;0;1;0;0;None;None;None;None;None
Charlotte Tupman;20/09/2014;20/09/2014;0;0;1;0;0;0;1;0;0;1;0000-0002-4211-1062;1;0;1;0;0;0;1;0;0;None;None;None;None;None
Jonathan Blaney;07/07/2016;07/05/2017;1;0;2;0;0;1;1;0;0;2;0000-0002-5044-5038;1;0;1;0;0;1;1;0;0;None;None;None;None;None
Terhi Nurmikko-Fuller;07/05/2017;07/05/2017;0;0;1;0;0;0;1;0;0;1;0000-0002-0688-3006;1;0;1;0;0;0;1;0;0;None;None;None;None;None
Ted Dawson;21/07/2016;21/07/2016;0;0;1;0;0;1;0;0;0;1;0000-0002-9192-6233;1;0;1;0;0;1;0;0;0;Phd;Nashville;US;Vanderbilt University;German
Erin N. Bush;21/07/2016;24/04/2017;1;0;2;0;0;0;2;0;0;2;0000-0002-5958-9038;1;0;1;0;0;0;1;0;0;Phd;Fairfax;US;George Mason University;History & Art History
Lee Skallerup Bessette;29/08/2017;29/08/2017;0;0;1;0;0;0;1;0;0;1;0000-0002-0827-3420;1;0;1;0;0;0;1;0;0;None;None;None;None;None
Dave Rodriguez;20/12/2018;11/12/2020;2;0;1;0;1;1;0;0;1;2;0000-0001-9759-8464;1;0;1;0;1;1;0;0;1;None;None;None;None;None
Go Sugimoto;22/05/2019;22/05/2019;0;0;1;0;0;1;0;0;0;1;0000-0003-2646-6784;1;0;1;0;0;1;0;0;0; None;Vienna;AT;Austrian Academy of Sciences;Austrian Center for Digital Humanities
Amber Stubbs;22/05/2019;22/05/2019;0;0;1;0;0;0;1;0;0;1;0000-0001-6148-9290;1;0;1;0;0;0;1;0;0;None;None;None;None;None
Brianna Allen;22/05/2019;22/05/2019;0;0;1;0;0;0;1;0;0;1;0000-0002-0824-4048;1;0;1;0;0;0;1;0;0;None;None;None;None;None
Folgert Karsdorp;21/04/2018;21/04/2018;0;0;1;0;0;0;1;0;0;1;0000-0002-5958-0551;1;0;1;0;0;0;1;0;0;None;None;None;None;None
Jan Rybicki;21/04/2018;21/04/2018;0;0;1;0;0;0;1;0;0;1;0000-0003-2504-9372;1;0;1;0;0;0;1;0;0;None;None;None;None;None
Antonio Rojas Castro;15/03/2017;11/12/2020;3;0;1;0;45;0;30;15;1;46;0000-0002-8916-4997;1;0;1;0;1;0;1;1;1; None;Koln;DE;UniversitÃ¤t zu KÃ¶ln;Cologne Center for eHumanities
Tassie Gniady;08/12/2019;08/12/2019;0;0;1;0;0;1;0;0;0;1;0000-0001-8693-3677;1;0;1;0;0;1;0;0;0;None;None;None;None;None
David Kloster;08/12/2019;08/12/2019;0;0;1;0;0;1;0;0;0;1;0000-0001-8577-8409;1;0;1;0;0;1;0;0;0;None;None;None;None;None
Kim Pham;29/08/2017;29/08/2017;0;0;1;0;0;1;0;0;0;1;0000-0002-9115-4739;1;0;1;0;0;1;0;0;0;None;None;None;None;None
Vilja Hulden;17/12/2014;17/12/2014;0;0;1;0;0;1;0;0;0;1;0000-0002-3812-7010;1;0;1;0;0;1;0;0;0;None;None;None;None;None
Francesca Benatti;17/07/2012;17/07/2012;0;0;1;0;0;0;1;0;0;1;0000-0002-1456-7812;1;0;1;0;0;0;1;0;0;None;None;None;None;None
Andrew Akhlaghi;06/01/2021;06/01/2021;0;0;1;0;0;1;0;0;0;1;0000-0002-0824-3328;1;0;1;0;0;1;0;0;0;None;None;None;None;None
Clemens Neudecker;06/01/2021;06/01/2021;0;0;1;0;0;0;1;0;0;1;0000-0001-5293-8322;1;0;1;0;0;0;1;0;0;None;None;None;None;None
Gustavo Candela;06/01/2021;30/08/2021;0;0;1;0;1;1;1;0;0;2;0000-0001-6122-0777;1;0;1;0;1;1;1;0;0;None;None;None;None;None
Jane Winters;30/04/2014;30/04/2014;0;0;1;0;0;0;1;0;0;1;0000-0001-5502-5887;1;0;1;0;0;0;1;0;0;None;None;None;None;None
Puteri Zarina Megat Khalid;15/01/2018;15/01/2018;0;0;1;0;0;0;1;0;0;1;0000-0002-9296-8662;1;0;1;0;0;0;1;0;0;None;None;None;None;None
Jeff Veitch;07/06/2016;07/06/2016;0;0;1;0;0;0;1;0;0;1;0000-0002-0287-7493;1;0;1;0;0;0;1;0;0;MPhil;Canterbury;GB;University of Kent;Classical and Archaeological Studies
Grant Wythoff;19/03/2014;19/03/2014;0;0;1;0;0;1;0;0;0;1;0000-0002-6605-9596;1;0;1;0;0;1;0;0;0;None;None;None;None;None
Alex Brey;04/11/2018;04/11/2018;0;0;1;0;0;1;0;0;0;1;0000-0002-3201-8462;1;0;1;0;0;1;0;0;0;None;None;None;None;None
Peter Organisciak;22/11/2016;22/11/2016;0;0;1;0;0;1;0;0;0;1;0000-0002-9058-2280;1;0;1;0;0;1;0;0;0;None;None;None;None;None
Tessa C Hauswedell;07/07/2016;07/07/2016;0;0;1;0;0;0;1;0;0;1;0000-0002-0734-3538;1;0;1;0;0;0;1;0;0;None;None;None;None;None
Seth Bernstein;04/10/2013;04/10/2013;0;0;1;0;0;1;0;0;0;1;0000-0001-5116-3828;1;0;1;0;0;1;0;0;0;None;None;None;None;None
Jason Heppler;24/04/2017;24/04/2017;0;0;1;0;0;0;1;0;0;1;0000-0003-4158-6186;1;0;1;0;0;0;1;0;0;None;None;None;None;None
Charlie Harper;27/07/2018;27/07/2018;0;0;1;0;0;1;0;0;0;1;0000-0003-3781-5812;1;0;1;0;0;1;0;0;0;None;None;None;None;None
Ben Schmidt;27/07/2018;27/07/2018;0;0;1;0;0;0;1;0;0;1;0000-0002-8263-5485;1;0;1;0;0;0;1;0;0;None;None;None;None;None
Moritz MÃ¤hr;30/01/2020;30/01/2020;0;0;1;0;0;1;0;0;0;1;0000-0002-1367-1618;1;0;1;0;0;1;0;0;0;None;None;None;None;None
Caio Mello;14/06/2021;14/06/2021;0;0;0;1;0;0;0;0;1;1;0000-0001-7492-7237;1;0;0;1;0;0;0;0;1;None;None;None;None;None
Josir Cardoso Gomes;26/03/2021;14/06/2021;0;0;0;3;0;0;1;2;0;3;0000-0001-7629-1404;1;0;0;1;0;0;1;1;0;Phd;Rio de Janeiro;BR;Instituto Brasileiro de InformaÃ§Ã£o em CiÃªncia e Tecnologia;PPGCI/UFRJ
Bruno Ponne;14/06/2021;14/06/2021;0;0;0;1;0;0;1;0;0;1;0000-0002-3057-932X;1;0;0;1;0;0;1;0;0;None;None;None;None;None
Ian Araujo;14/06/2021;02/03/2022;1;0;0;4;0;0;4;0;0;4;0000-0001-6359-4991;1;0;0;1;0;0;1;0;0;None;None;None;None;None
Jimmy Medeiros;26/03/2021;02/03/2022;1;0;0;10;0;0;0;10;0;10;0000-0002-8280-3338;1;0;0;1;0;0;0;1;0;None;None;None;None;None
Joana Vieira Paulino;29/01/2021;13/01/2022;1;0;0;6;0;0;3;3;0;6;0000-0002-9433-2799;1;0;0;1;0;0;1;1;0;None;None;None;None;None
Luis Ferla;30/03/2021;30/03/2021;0;0;0;1;0;0;1;0;0;1;0000-0003-3617-2560;1;0;0;1;0;0;1;0;0;None;None;None;None;None
Felipe Lamarca;26/03/2021;13/01/2022;1;0;0;7;0;0;3;0;4;7;0000-0003-0002-3627;1;0;0;1;0;0;1;0;1;None;None;None;None;None
Bruno Martins;30/03/2021;13/05/2021;0;0;0;7;0;0;7;0;0;7;0000-0002-8102-9416;1;0;0;1;0;0;1;0;0;None;None;None;None;None
Renato Rocha Souza;13/05/2021;13/05/2021;0;0;0;5;0;0;5;0;0;5;0000-0002-1895-3905;1;0;0;1;0;0;1;0;0;None;None;None;None;None
JoÃ£o Gilberto Neves Saraiva;30/03/2021;30/03/2021;0;0;0;1;0;0;0;0;1;1;0000-0002-2094-8216;1;0;0;1;0;0;0;0;1;None;None;None;None;None
RÃ´mulo Predes;12/05/2021;13/07/2021;0;0;0;3;0;0;3;0;0;3;0000-0001-9461-7834;1;0;0;1;0;0;1;0;0;None;None;None;None;None
Mariana Affonso Penna;10/09/2021;10/09/2021;0;0;0;1;0;0;0;0;1;1;0000-0001-5415-795X;1;0;0;1;0;0;0;0;1;None;None;None;None;None
Aracele Torres;12/05/2021;13/05/2021;0;0;0;2;0;0;0;0;2;2;0000-0002-5240-060X;1;0;0;1;0;0;0;0;1;None;None;None;None;None
Ivo Veiga;21/05/2021;28/08/2021;0;0;0;2;0;0;2;0;0;2;0000-0001-8385-3030;1;0;0;1;0;0;1;0;0;None;None;None;None;None
Romulo Predes;28/08/2021;28/08/2021;0;0;0;1;0;0;1;0;0;1;0000-0001-9461-7834;1;0;0;1;0;0;1;0;0;None;None;None;None;None
Suemi Higuchi;21/05/2021;21/05/2021;0;0;0;1;0;0;1;0;0;1;0000-0002-6255-3781;1;0;0;1;0;0;1;0;0;None;None;None;None;None
Samuel Van Ransbeeck;26/03/2021;26/03/2021;0;0;0;1;0;0;1;0;0;1;0000-0001-6959-6605;1;0;0;1;0;0;1;0;0;None;None;None;None;None
Juliana Marques da Silva;26/03/2021;26/03/2021;0;0;0;1;0;0;1;0;0;1;0000-0002-1637-8505;1;0;0;1;0;0;1;0;0;None;None;None;None;None
Jennifer Isasi;15/03/2018;16/11/2021;3;0;0;0;19;1;8;6;4;19;0000-0002-4295-895X;1;0;0;0;1;1;1;1;1;CLIR/DLF Postdoctoral Fellow in Data Curation for Latin American and Latina/o Studies;Austin;US;University of Texas at Austin;LLILAS Benson Latin American Studies and Collections
Victor Gayol;02/06/2018;05/06/2020;2;0;0;0;4;0;1;2;1;4;0000-0002-2442-3193;1;0;0;0;1;0;1;1;1;None;None;None;None;None
Riva Quiroga;13/05/2018;11/04/2022;4;0;0;0;7;0;5;1;1;7;0000-0002-1147-4135;1;0;0;0;1;0;1;1;1;None;None;None;None;None
Carlos Manuel VarÃ³n CastaÃ±eda;04/05/2018;04/05/2018;0;0;0;0;1;0;0;0;1;1;0000-0001-9581-5007;1;0;0;0;1;0;0;0;1;None;None;None;None;None
Basthian Medina;28/06/2021;11/04/2022;1;0;0;0;2;0;1;0;1;2;0000-0001-5822-5112;1;0;0;0;1;0;1;0;1;None;None;None;None;None
JosÃ© Antonio Motilla;26/04/2017;11/04/2022;5;0;0;0;10;0;6;3;1;10;0000-0003-0591-5560;1;0;0;0;1;0;1;1;1;None;None;None;None;None
Maria JosÃ© Afanador-Llach;15/03/2017;30/08/2021;4;0;0;0;32;0;21;9;2;32;0000-0003-2652-5799;1;0;0;0;1;0;1;1;1;None;None;None;None;None
Antonio SÃ¡nchez-Padial;13/05/2018;23/04/2019;1;0;0;0;2;0;2;0;0;2;0000-0001-9532-3133;1;0;0;0;1;0;1;0;0;None;None;None;None;None
MarÃ­a JosÃ© Afanador-Llach;30/03/2020;30/03/2020;0;0;0;0;1;0;1;0;0;1;0000-0003-2652-5799;1;0;0;0;1;0;1;0;0;None;None;None;None;None
VÃ­ctor Gayol;15/03/2017;30/08/2021;4;0;0;0;28;0;3;1;24;28;0000-0002-2442-3193;1;0;0;0;1;0;1;1;1;None;None;None;None;None
Jairo A. Melo;15/03/2017;07/10/2017;0;0;0;0;20;0;19;0;1;20;0000-0002-8174-4524;1;0;0;0;1;0;1;0;1;None;None;None;None;None
Armando Luza;01/04/2019;01/04/2019;0;0;0;0;1;1;0;0;0;1;0000-0001-5679-7360;1;0;0;0;1;1;0;0;0;None;None;None;None;None
Ignacio RodrÃ­guez;01/04/2019;01/04/2019;0;0;0;0;1;0;1;0;0;1;0000-0002-3752-9536;1;0;0;0;1;0;1;0;0;None;None;None;None;None
Joseba Moreno;23/04/2018;20/08/2018;0;0;0;0;2;0;2;0;0;2;0000-0002-6756-4404;1;0;0;0;1;0;1;0;0;None;None;None;None;None
Joshua Ortiz-Baco;29/11/2018;29/11/2018;0;0;0;0;1;0;1;0;0;1;0000-0002-9723-4262;1;0;0;0;1;0;1;0;0;None;None;None;None;None
JosÃ© Calvo Tello;20/04/2017;20/04/2017;0;0;0;0;1;0;1;0;0;1;0000-0002-1129-5604;1;0;0;0;1;0;1;0;0;None;None;None;None;None
AndrÃ©s Gattinoni;15/03/2018;15/03/2018;0;0;0;0;1;0;0;0;1;1;0000-0001-6741-6746;1;0;0;0;1;0;0;0;1;Phd;Buenos Aires;AR;Universidad de Buenos Aires;Facultad de FilosofÃ­a y Letras
Antonio JesÃºs SÃ¡nchez Padial;29/07/2017;29/07/2017;0;0;0;0;1;0;1;0;0;1;0000-0001-9532-3133;1;0;0;0;1;0;1;0;0;Jefe de Servicio de BiometrÃ­a;Madrid;ES;INIA;SubdirecciÃ³n General de InvestigaciÃ³n y TecnologÃ­a
Joshua G. Ortiz Baco;31/10/2018;14/12/2021;3;0;0;0;4;1;1;2;0;4;0000-0002-9723-4262;1;0;0;0;1;1;1;1;0;Graduate Research Assistant, Digital Scholarship Lab Manager;Austin;US;University of Texas at Austin;LLILAS Benson Latin American Digital Initiatives
Juan Cobo;31/07/2017;31/07/2017;0;0;0;0;1;0;1;0;0;1;0000-0003-4776-0261;1;0;0;0;1;0;1;0;0;None;None;None;None;None
NicolÃ¡s Vaughan;27/07/2021;16/11/2021;0;0;0;0;2;2;0;0;0;2;0000-0002-2877-0539;1;0;0;0;1;1;0;0;0;None;None;None;None;None
RocÃ­o MÃ©ndez;27/07/2021;27/07/2021;0;0;0;0;1;0;1;0;0;1;0000-0002-8801-636X;1;0;0;0;1;0;1;0;0;None;None;None;None;None
IÃ±aki Cano;27/07/2021;27/07/2021;0;0;0;0;1;0;1;0;0;1;0000-0002-6678-7606;1;0;0;0;1;0;1;0;0;None;None;None;None;None
David Merino Recalde;16/11/2021;16/11/2021;0;0;0;0;1;0;1;0;0;1;0000-0003-2740-7831;1;0;0;0;1;0;1;0;0;None;None;None;None;None
MarÃ­a-JesÃºs Colmenero-Ruiz;17/05/2017;02/06/2018;1;0;0;0;2;0;0;0;2;2;0000-0002-1650-1091;1;0;0;0;1;0;0;0;1;None;None;None;None;None
Maria Jose Afanador;02/06/2018;02/06/2018;0;0;0;0;1;0;1;0;0;1;0000-0003-2652-5799;1;0;0;0;1;0;1;0;0;None;None;None;None;None
Anthony PicÃ³n RodrÃ­guez;11/07/2020;11/07/2020;0;0;0;0;1;1;0;0;0;1;0000-0001-6765-4146;1;0;0;0;1;1;0;0;0;None;None;None;None;None
Miguel Cuadros;11/07/2020;11/07/2020;0;0;0;0;1;1;0;0;0;1;0000-0001-7526-1166;1;0;0;0;1;1;0;0;0;None;None;None;None;None
Gimena del RÃ­o Riande;14/12/2021;14/12/2021;0;0;0;0;1;1;0;0;0;1;0000-0002-8997-5415;1;0;0;0;1;1;0;0;0;None;None;None;None;None
Melissa Jerome;14/12/2021;14/12/2021;0;0;0;0;1;0;1;0;0;1;0000-0001-8251-7131;1;0;0;0;1;0;1;0;0;Project Manager;Gainesville;US;University of Florida;George A. Smathers Libraries
MarÃ­a Pilar Escobar;30/08/2021;30/08/2021;0;0;0;0;1;1;0;0;0;1;0000-0002-8977-7873;1;0;0;0;1;1;0;0;0;None;None;None;None;None
Manuel Marco Such;30/08/2021;30/08/2021;0;0;0;0;1;1;0;0;0;1;0000-0002-4145-0521;1;0;0;0;1;1;0;0;0;None;None;None;None;None
Gimena del Rio Riande;01/03/2021;01/03/2021;0;0;0;0;1;0;0;0;1;1;0000-0002-8997-5415;1;0;0;0;1;0;0;0;1;None;None;None;None;None
Romina De LeÃ³n;01/03/2021;01/03/2021;0;0;0;0;1;0;0;0;1;1;0000-0003-2495-7213;1;0;0;0;1;0;0;0;1;None;None;None;None;None
Raffaele Viglianti;01/03/2021;01/03/2021;0;0;0;0;1;0;0;0;1;1;0000-0003-3094-139X;1;0;0;0;1;0;0;0;1;None;None;None;None;None
Kahlila Chaar-PÃ©rez;01/03/2021;01/03/2021;0;0;0;0;1;0;1;0;0;1;0000-0001-7038-5450;1;0;0;0;1;0;1;0;0;None;None;None;None;None
Mathilda Shepard;01/03/2021;01/03/2021;0;0;0;0;1;0;1;0;0;1;0000-0002-3416-448X;1;0;0;0;1;0;1;0;0;None;None;None;None;None
Ulrike Henny-Krahmer;31/10/2018;31/10/2018;0;0;0;0;1;0;0;0;1;1;0000-0003-2852-065X;1;0;0;0;1;0;0;0;1;Research Assistant;Wurzburg;DE;University of WÃ¼rzburg;Chair of Computational Philology
Marcelo Raimundo;28/06/2021;28/06/2021;0;0;0;0;1;1;0;0;0;1;0000-0002-0200-6399;1;0;0;0;1;1;0;0;0;None;None;None;None;None
