pers;date_begin;date_end;date diff;fr;en;pt;es;authors;reviewers;editor;translator;total contrib;orcid_id;have_orcid;fr_contrib;en_contrib;pt_contrib;es_contrib;authors_contrib;reviewers_contrib;editor_contrib;translator_contrib;role1;role2;role3;city1;city2;city3;country1;country2;country3;institution1;institution2;institution3;speciality1;speciality2;speciality3;role1;role2;role3;speciality_sofia;institution_sofia;year_start_sofia;country sofia;city sofia;institution_clean;year_start_sofia;country sofia;city sofia;;;;;;;;;;;
Adam Crymble;27/06/2012;22/05/2019;7;0;46;0;17;20;5;38;0;63;0000-0003-4343-0265;1;0;1;0;1;1;1;1;0;;Senior Lecturer;Lecturer;;Hatfield;London;;GB;GB;;University of Hertfordshire;University College London;;History;;;Phd;Lecturer;digital history; University College London;2011;UK;London; University College London;2011;UK;London;;;;;;;;;;;
Jim Clifford;17/07/2012;29/08/2017;5;0;22;0;0;4;18;0;0;22;0000-0003-2004-5161;1;0;1;0;0;1;1;0;0;;;;;;;;;;;;;;;;Phd;Project Manager;Research Assistant;history;;;;;;2012;;;;;;;;;;;;;
Antoine Champigny;19/06/2019;19/06/2019;0;1;0;0;0;0;1;0;0;1;;0;1;0;0;0;0;1;0;0;;;;;;;;;;;;;;;;Master;Post-doc;;;;;;;;2019;;;;;;;;;;;;;
William J. Turkel;17/07/2012;17/12/2014;2;0;20;0;0;17;1;2;0;20;0000-0003-4734-9894;1;0;1;0;0;1;1;1;0;Phd;;;Cambridge;;;US;;;Massachusetts Institute of Technology;;;History, Anthropology, STS;;; None;;;history;;;;;;2012;US;Cambridge;;;;;;;;;;;
Miriam Posner;17/07/2012;24/02/2016;4;0;19;0;0;2;0;17;0;19;;0;0;1;0;0;1;0;1;0;;;;;;;;;;;;;;;;Phd;Assistant Professor;Digital Humanities Specialist;digital humanities;;;;;;2012;;;;;;;;;;;;;
Jennifer Isasi;15/03/2018;16/11/2021;3;0;0;0;19;1;8;6;4;19;0000-0002-4295-895X;1;0;0;0;1;1;1;1;4;Graduate Research Assistant;CLIR/DLF Postdoctoral Fellow in Data Curation for Latin American and Latina/o Studies;;Lincoln;Austin;;US;US;;University of Nebraska-Lincoln;University of Texas at Austin;;Center for the Digital Research in the Humanities;LLILAS Benson Latin American Studies and Collections;;;;;hispanic studies;;;;;0;2018;US;Austin;;;;;;;;;;;
FranÃ§ois Dominic LaramÃ©e;20/02/2018;10/06/2021;3;14;2;0;0;1;7;5;3;16;0000-0001-5542-3754;1;1;1;0;0;1;1;1;3;Master;Post-doc;;Montreal;Ottawa;;CA;CA;;Concordia University;University of Ottawa;;Informatique / Computer Science;Faculty of Medicine;;Phd;;;;;;;;0;2018;CA;Ottawa;;;;;;;;;;;
Ian Milligan;27/06/2012;27/07/2018;6;0;14;0;0;4;0;10;0;14;0000-0002-1470-7723;1;0;1;0;0;1;0;1;0;Master;Intern;Associate Vice-President, Research Oversight and Analysis;Toronto;Toronto;Waterloo;CA;CA;CA;York University;University of Toronto;University of Waterloo;History;Faculty of Information Studies;;;;;history;;;;;University of Waterloo;2012;CA;Toronto;;;;;;;;;;;
Fred Gibbs;11/11/2012;10/08/2018;6;0;12;0;0;1;1;10;0;12;;0;0;1;0;0;1;1;1;0;;;;;;;;;;;;;;;;MSc;;;history;;;;;;2012;;;;;;;;;;;;;
Brandon Walsh;05/08/2016;04/12/2021;5;0;11;0;0;2;1;8;0;11;0000-0002-2785-3519;1;0;1;0;0;1;1;1;0;;Mellon Digital Humanities Fellow and Visiting Assistant Professor of English;;;Lexington;;;US;;;Washington and Lee University;;;University of Virginia;;Phd;;;digital humanities; University of Virginia;2017;USA;Charlottesville; University of Virginia;2017;USA;Charlottesville;;;;;;;;;;;
Shawn Graham;02/09/2012;04/12/2021;9;0;6;0;0;3;3;0;0;6;0000-0002-2887-3554;1;0;1;0;0;1;1;0;0;Phd;;;Reading;;;GB;;;University of Reading;;;Archaeology;;;Phd;;;digital humanities and history;;;;;;2012;GB;Reading;;;;;;;;;;;
Ryan Deschamps;31/07/2017;04/11/2018;1;0;6;0;0;1;5;0;0;6;0000-0001-7934-6845;1;0;1;0;0;1;1;0;0;;;;;;;;;;;;;;;;Phd;;;digital history;;;;;;2017;;;;;;;;;;;;;
James Baker;30/04/2014;16/10/2019;5;0;6;0;0;3;1;2;0;6;;0;0;1;0;0;1;1;1;0;;;;;;;;;;;;;;;;;;;digital history; University of Sussex;2017;UK;Brighton; University of Sussex;2017;UK;Brighton;;;;;;;;;;;
Josh MacFadyen;13/12/2013;13/12/2013;0;0;4;0;0;4;0;0;0;4;0000-0002-1568-8843;1;0;1;0;0;1;0;0;0;Phd;;Associate Professor;Guelph;;Charlottetown;CA;;CA;University of Guelph;;University of Prince Edward Island;History;;;R&D Engineer;;Senior Web Developer;history and environment;;;;;University of Prince Edward Island;2013;CA;Guelph;;;;;;;;;;;
Daniel Macfarlane;13/12/2013;13/12/2013;0;0;4;0;0;4;0;0;0;4;0000-0001-6268-8945;1;0;1;0;0;1;0;0;0;;;;;;;;;;;;;;;Department of Cultural Studies and Languages;Phd;;;history;;;;;;2013;;;;;;;;;;;;;
Carla Amaya;10/09/2021;10/09/2021;0;1;0;0;0;0;0;0;1;1;;0;1;0;0;0;0;0;0;1;;;;;;;;;;;;;;;;;;;;;;;;;2021;;;;;;;;;;;;;
Sarah Simpkin;13/12/2013;31/10/2017;4;0;4;0;0;1;3;0;0;4;0000-0003-0774-4777;1;0;1;0;0;1;1;0;0;MLIS;;Head, Research Support (Arts and Special Collections);London;;Ottawa;CA;;CA;Western University;;University of Ottawa;Faculty of Information and Media Studies;;Faculty of Arts;;;Assistant Professor;library science and GIS;;;;;University of Ottawa;2013;CA;London;;;;;;;;;;;
Cyrille Suire;10/09/2021;10/09/2021;0;1;0;0;0;0;1;0;0;1;;0;1;0;0;0;0;1;0;0;;;;;;;;;;;;;;;;;;;;;;;;;2021;;;;;;;;;;;;;
Taylor Arnold;27/03/2017;05/05/2020;3;0;4;0;0;1;3;0;0;4;0000-0002-3575-1512;1;0;1;0;0;1;1;0;0;None;;;Springfield;;;US;;;Ozarks Technical Community College;;; None;;;;Phd;;statistics;;;;;;2017;US;Springfield;;;;;;;;;;;
Matthew Lincoln;24/05/2016;04/11/2018;2;0;4;0;0;1;1;2;0;4;0000-0002-4387-3384;1;0;1;0;0;1;1;1;0;MA; None;;College Park;Los Angeles;;US;US;;University of Maryland;Getty Research Institute;;Art History & Archaeology; None;Lehrstuhl fÃ¼r Religionswissenschaft;;;;art history and developer;;;;;0;2016;US;Los Angeles;;;;;;;;;;;
Joshua G. Ortiz Baco;31/10/2018;14/12/2021;3;0;0;0;4;1;1;2;0;4;0000-0002-9723-4262;1;0;0;0;1;1;1;1;0;MA;Graduate Research Assistant, Digital Scholarship Lab Manager;;Madrid;Austin;;ES;US;;Universidad AutÃ³noma de Madrid;University of Texas at Austin;;FilosofÃ­a y Letras;LLILAS Benson Latin American Digital Initiatives;;;;;literature; University of Texas at Austin;2019;USA;Austin; University of Texas at Austin;2019;USA;Austin;;;;;;;;;;;
Jean-Luc Mirepoix;19/11/2021;19/11/2021;0;1;0;0;0;0;1;0;0;1;;0;1;0;0;0;0;1;0;0;;;;;;;;;;;;;;;;MSc;;;;;;;;;2021;;;;;;;;;;;;;
M. H. Beals;20/09/2014;24/07/2016;2;0;4;0;0;1;3;0;0;4;;0;0;1;0;0;1;1;0;0;;;;;;;;;;;;;;;School of Earth and Atmospheric Sciences;Professor;;;digital history;;;;;;2014;;;;;;;;;;;;;
Amanda Visconti;18/04/2016;23/11/2020;4;0;3;0;0;2;0;1;0;3;0000-0001-8584-8323;1;0;1;0;0;1;0;1;0;Various roles (research fellow, webmaster, research assistant);;;College Park;;;US;;;Maryland Institute for Technology in the Humanities;;;Technology in the Humanities;;UD Library, Museums & Press;;;;digital humanities;;;;;;2016;US;College Park;;;;;;;;;;;
Lauren Tilton;27/03/2017;20/08/2018;1;0;3;0;0;1;2;0;0;3;0000-0003-4629-8888;1;0;1;0;0;1;1;0;0;;;;;;;;;;;;;;;;Phd;;;digital humanities;;;;;;2017;;;;;;;;;;;;;
Scott Weingart;02/09/2012;23/08/2017;5;0;2;0;0;2;0;0;0;2;0000-0001-9792-9446;1;0;1;0;0;1;0;0;0;;;;;;;;;;;;;;;Digital Media, Arts, and Technology;5;;Digital Services Librarian;digital humanities and history;;;;;;2012;;;;;;;;;;;;;
GÃ©raldine Castel;09/05/2020;09/05/2020;0;1;0;0;0;0;0;0;1;1;;0;1;0;0;0;0;0;0;1;;;;;;;;;;;;;;;DÃ©partement des collections et de la conservation;;;;;;;;;;2020;;;;;;;;;;;;;
John R. Ladd;23/08/2017;05/05/2020;3;0;2;0;0;2;0;0;0;2;0000-0002-5440-062X;1;0;1;0;0;1;0;0;0;MA;Post-doc;Visiting Assistant Professor;Washington;Evanston;Granville;US;US;US;Georgetown University;Northwestern University;Denison University;English;Alice Kaplan Institute for the Humanities;;;Assistant Professor;Assistant Professor;;;;;;Denison University;2017;US;Evanston;;;;;;;;;;;
NicolÃ¡s Vaughan;27/07/2021;16/11/2021;0;0;0;0;2;2;0;0;0;2;0000-0002-2877-0539;1;0;0;0;1;1;0;0;0;Tutor in Logic;;;Oxford;;;GB;;;University of Oxford;;;Faculty of Philosophy;;;;;;;;;;;;2021;GB;Oxford;;;;;;;;;;;
Quinn Dombrowski;13/05/2019;08/12/2019;0;0;2;0;0;1;1;0;0;2;0000-0001-5802-6623;1;0;1;0;0;1;1;0;0;Digital Scholarship Specialist / IT Analyst;;;Berkeley;;;US;;;University of California Berkeley;;;Research IT;;;5;Phd;Assistant Professor;;;;;;;2019;US;Berkeley;;;;;;;;;;;
Morgane Pica;01/04/2022;01/04/2022;0;1;0;0;0;0;1;0;0;1;;0;1;0;0;0;0;1;0;0;;;;;;;;;;;;;;;;Phd;;;;;;;;;2022;;;;;;;;;;;;;
Dave Rodriguez;20/12/2018;11/12/2020;2;0;1;0;1;1;0;0;1;2;0000-0001-9759-8464;1;0;1;0;1;1;0;0;1;Master;;Digital Services Librarian;Gainesville;;Tallahassee;US;;US;University of Florida;;Florida State University;English;;;LingÃ¼ista;;;library science;;;;;Florida State University;2018;US;Gainesville;;;;;;;;;;;
Gustavo Candela;06/01/2021;30/08/2021;0;0;1;0;1;1;1;0;0;2;0000-0001-6122-0777;1;0;1;0;1;1;1;0;0;Research Engineer;;;Alicante;;;ES;;;Universidad de Alicante;;;Escuela PolitÃ©cnica Superior;;;Phd;;;;;;;;;2021;ES;Alicante;;;;;;;;;;;
Jonathan Blaney;07/07/2016;07/05/2017;1;0;2;0;0;1;1;0;0;2;0000-0002-5044-5038;1;0;1;0;0;1;1;0;0;;;;;;;;;;;;;;;;;;;digital humanities;;;;;;2016;;;;;;;;;;;;;
Fanny MÃ©zard;03/05/2019;03/05/2019;0;1;0;0;0;0;1;0;0;1;;0;1;0;0;0;0;1;0;0;;;;;;;;;;;;;;;;;;;;;;;;;2019;;;;;;;;;;;;;
Anastasiia Zadykhina;30/07/2020;30/07/2020;0;1;0;0;0;0;0;0;1;1;;0;1;0;0;0;0;0;0;1;;;;;;;;;;;;;;;" ""MÃ©thodes NumÃ©riques pour les Sciences de l'Humain et de la SociÃ©tÃ©""";Adjunct Faculty;;;;;;;;;2020;;;;;;;;;;;;;
Nabeel Siddiqui;19/06/2015;31/07/2017;2;0;2;0;0;1;1;0;0;2;;0;0;1;0;0;1;1;0;0;;;;;;;;;;;;;;;Library and Information Science;Master;;;digital humanities and american studies; Susquehanna University;2020;USA;Selinsgrove; Susquehanna University;2020;USA;Selinsgrove;;;;;;;;;;;
Camille Carette;02/04/2020;02/04/2020;0;1;0;0;0;0;0;0;1;1;;0;1;0;0;0;0;0;0;1;;;;;;;;;;;;;;;INCITE;Master;Intern;Associate Vice-President, Research Oversight and Analysis;;;;;;;2020;;;;;;;;;;;;;
Caleb McDaniel;03/03/2014;24/04/2017;3;0;2;0;0;1;0;1;0;2;;0;0;1;0;0;1;0;1;0;;;;;;;;;;;;;;;; None;;;history;;;;;;2014;;;;;;;;;;;;;
Sybille Clochet;10/04/2019;10/04/2019;0;1;0;0;0;0;0;0;1;1;;0;1;0;0;0;0;0;0;1;;;;;;;;;;;;;;;;;Senior Lecturer;Lecturer;;;;;;;2019;;;;;;;;;;;;;
Anne-Sophie Bessero-Lagarde;16/01/2020;16/01/2020;0;1;0;0;0;0;0;0;1;1;;0;1;0;0;0;0;0;0;1;;;;;;;;;;;;;;;;None;;;;;;;;;2020;;;;;;;;;;;;;
Silvia GutiÃ©rrez De la Torre;20/04/2019;30/08/2021;2;0;0;0;2;1;1;0;0;2;;0;0;0;0;1;1;1;0;0;;;;;;;;;;;;;;;;;;;;;;;;;2019;;;;;;;;;;;;;
Gabriel Calarco;01/03/2021;14/12/2021;0;0;0;0;2;1;0;0;1;2;;0;0;0;0;1;1;0;0;1;;;;;;;;;;;;;;;;;;;;;;;;;2021;;;;;;;;;;;;;
Justin Colson;27/01/2017;27/01/2017;0;0;1;0;0;1;0;0;0;1;0000-0002-4352-2154;1;0;1;0;0;1;0;0;0;Phd;Lecturer;Senior Lecturer;Egham;Colchester;London;GB;GB;GB;Royal Holloway University of London;University of Essex;Institute of Historical Research, University of London;History;History;;5;5;Visiting lecturer;history;;;;;Institute of Historical Research, University of London;2017;GB;Colchester;;;;;;;;;;;
Megan R. Brett;24/02/2016;24/02/2016;0;0;1;0;0;1;0;0;0;1;0000-0002-7474-7196;1;0;1;0;0;1;0;0;0;MSc;;;Edinburgh;;;GB;;;University of Edinburgh;;;Scottish Studies;;;Phd;Lecturer;Senior Lecturer;digital history;;;;;;2016;GB;Edinburgh;;;;;;;;;;;
Catherine Nygren;13/05/2019;13/05/2019;0;0;1;0;0;0;1;0;0;1;;0;0;1;0;0;0;1;0;0;;;;;;;;;;;;;;;;;;;;;;;;;2019;;;;;;;;;;;;;
Tassie Gniady;08/12/2019;08/12/2019;0;0;1;0;0;1;0;0;0;1;0000-0001-8693-3677;1;0;1;0;0;1;0;0;0;;;;;;;;;;;;;;;; None;;Professor;;;;;;;2019;;;;;;;;;;;;;
Peter Organisciak;22/11/2016;22/11/2016;0;0;1;0;0;1;0;0;0;1;0000-0002-9058-2280;1;0;1;0;0;1;0;0;0;Phd;;Assistant Professor;Champaign;;Denver;US;;US;University of Illinois at Urbana-Champaign;;University of Denver;Library and Information Science;;;;Project Manager;Librarian;ICS;;;;;University of Denver;2016;US;Champaign;;;;;;;;;;;
Andrew Akhlaghi;06/01/2021;06/01/2021;0;0;1;0;0;1;0;0;0;1;0000-0002-0824-3328;1;0;1;0;0;1;0;0;0;MA;;;Norman;;;US;;;The University of Oklahoma;;; None;;;5;Jefe de Servicio de BiometrÃ­a;Jefe de Ãrea;;;;;;;2021;US;Norman;;;;;;;;;;;
Simon Hengchen;16/05/2021;16/05/2021;0;0;1;0;0;1;0;0;0;1;0000-0002-8453-7221;1;0;1;0;0;1;0;0;0; None;;;Helsinki;;;FI;;;University of Helsinki;;; None;;;3;;Graduate Research Assistant;;;;;;;2021;FI;Helsinki;;;;;;;;;;;
Vincent Paillusson;01/04/2022;01/04/2022;0;1;0;0;0;1;0;0;0;1;0000-0003-1286-3893;1;1;0;0;0;1;0;0;0;MSc;;;Paris;;;FR;;;Sorbonne UniversitÃ©;;; None;;;Research Engineer;Post-doc;Enseignante-chercheuse;;;;;;;2022;FR;Paris;;;;;;;;;;;
Kim Pham;29/08/2017;29/08/2017;0;0;1;0;0;1;0;0;0;1;0000-0002-9115-4739;1;0;1;0;0;1;0;0;0;Molecular Biology;; None;Toronto;;Denver;CA;;US;University of Toronto;;University of Denver; None;;;5;;Digital Archivist;library science;;;;;University of Denver;2017;CA;Toronto;;;;;;;;;;;
Jessica Otis;23/08/2017;23/08/2017;0;0;1;0;0;1;0;0;0;1;0000-0001-5519-8331;1;0;1;0;0;1;0;0;0;Phd;Digital Humanities Specialist;Director of Public Projects at the Roy Rosenzweig Center for History and New Media, Assistant Professor of History;Charlottesville;Pittsburgh;Fairfax;US;US;US;University of Virginia;Carnegie Mellon University;George Mason University;History;University Libraries;;5;Phd;Assistant Professor;digital humanities;;;;;George Mason University;2017;US;Pittsburgh;;;;;;;;;;;
Max De Wilde;05/08/2013;05/08/2013;0;0;1;0;0;1;0;0;0;1;0000-0002-6834-0250;1;0;1;0;0;1;0;0;0;;Phd;Lecturer;;Brussels;Geneva;;BE;CH;;UniversitÃ© Libre de Bruxelles;University of Geneva;;Information Science;;Graduate Teacher of Record;Graduate Research Fellow;Assistant Professor;ICS;;;;;University of Geneva;2013;BE;Brussels;;;;;;;;;;;
Beatrice Alex;31/10/2017;31/10/2017;0;0;1;0;0;1;0;0;0;1;0000-0002-7279-1476;1;0;1;0;0;1;0;0;0;;;;;;;;;;;;;;;;Phd;;Assistant Professor;linguistics;;;;;;2017;;;;;;;;;;;;;
Eric Weinberg;20/08/2018;20/08/2018;0;0;1;0;0;1;0;0;0;1;0000-0002-3311-1060;1;0;1;0;0;1;0;0;0;;;;;;;;;;;;;;;;5;Phd;;history;;;;;;2018;;;;;;;;;;;;;
Heather Froehlich;19/06/2015;19/06/2015;0;0;1;0;0;1;0;0;0;1;0000-0001-9984-725X;1;0;1;0;0;1;0;0;0;;Phd;Literary Informatics Librarian;;Glasgow;University Park;;GB;US;;University of Strathclyde;Pennsylvania State University;;English;;;Outreach and Engagement Manager;;gender studies;;;;;Pennsylvania State University;2015;GB;Glasgow;;;;;;;;;;;
Seth van Hooland;05/08/2013;05/08/2013;0;0;1;0;0;1;0;0;0;1;0000-0003-2612-2228;1;0;1;0;0;1;0;0;0;;;;;;;;;;;;;;;;Phd;Associate Director;;ICS;;;;;;2013;;;;;;;;;;;;;
Gabi Kirilloff;04/12/2021;04/12/2021;0;0;1;0;0;1;0;0;0;1;0000-0003-2696-1419;1;0;1;0;0;1;0;0;0;Phd;;;Lincoln;;;US;;;University of Nebraska-Lincoln;;;English;;;3;;;;;;;;;2021;US;Lincoln;;;;;;;;;;;
Jonathan Reeve;24/07/2016;24/07/2016;0;0;1;0;0;1;0;0;0;1;0000-0003-2827-1569;1;0;1;0;0;1;0;0;0;Web Developer;;;New York;;;US;;;Modern Language Association;;; None;;;Laboratory Technician;;;literature and developer;;;;;;2016;US;New York;;;;;;;;;;;
Andrew Janco;11/02/2022;11/02/2022;0;0;1;0;0;1;0;0;0;1;0000-0002-8872-9474;1;0;1;0;0;1;0;0;0;;;;;;;;;;;;;;;;5;;;;;;;;;2022;;;;;;;;;;;;;
Nicolas Frerebeau;24/03/2021;24/03/2021;0;1;0;0;0;1;0;0;0;1;0000-0001-5759-4944;1;1;0;0;0;1;0;0;0;Phd;;;Pessac;;;FR;;;UniversitÃ© Bordeaux Montaigne;;;Art & Archeology;;;5;;;;;;;;;2021;FR;Pessac;;;;;;;;;;;
Ed Summers;16/10/2019;16/10/2019;0;0;1;0;0;0;1;0;0;1;;0;0;1;0;0;0;1;0;0;;;;;;;;;;;;;;;;;;Director;;;;;;;2019;;;;;;;;;;;;;
Ruben Verborgh;05/08/2013;05/08/2013;0;0;1;0;0;1;0;0;0;1;0000-0002-8596-222X;1;0;1;0;0;1;0;0;0;;;;;;;;;;;;;;;Multilingual Communication Technology;5;;;computer science;;;;;;2013;;;;;;;;;;;;;
Kellen Kurschinski;13/09/2013;13/09/2013;0;0;1;0;0;1;0;0;0;1;;0;0;1;0;0;1;0;0;0;;;;;;;;;;;;;;;;Phd;;;history;;;;;;2013;;;;;;;;;;;;;
Evan Peter Williamson;12/08/2017;12/08/2017;0;0;1;0;0;1;0;0;0;1;0000-0002-7990-9924;1;0;1;0;0;1;0;0;0;Master;;;Vancouver;;;CA;;;University of British Columbia;;;iSchool@UBC: School of Library, Archival and Information Studies;;Hesburgh Libraries;5;;;digital humanities and library science;;;;;;2017;CA;Vancouver;;;;;;;;;;;
Jamie Howe;18/04/2016;18/04/2016;0;0;1;0;0;0;1;0;0;1;;0;0;1;0;0;0;1;0;0;;;;;;;;;;;;;;;;MA;Phd; None;;;;;;;2016;;;;;;;;;;;;;
Grant Wythoff;19/03/2014;19/03/2014;0;0;1;0;0;1;0;0;0;1;0000-0002-6605-9596;1;0;1;0;0;1;0;0;0;;;;;;;;;;;;;;;Art;5;;;literature;;;;;;2014;;;;;;;;;;;;;
Jeff Blackadar;03/05/2018;03/05/2018;0;0;1;0;0;1;0;0;0;1;0000-0002-8160-0942;1;0;1;0;0;1;0;0;0;;Bachelor;;;Ottawa;;;CA;;;Carleton University;;;History;;5;;;ICS;;;;;0;2018;CA;Ottawa;;;;;;;;;;;
Matthew J. Lavin;13/05/2019;13/05/2019;0;0;1;0;0;1;0;0;0;1;0000-0003-3867-9138;1;0;1;0;0;1;0;0;0;Phd;Clinical Assistant Professor and Director of Digital Media Lab;Assistant Professor;Iowa City;Pittsburgh;Granville;US;US;US;University of Iowa;University of Pittsburgh;Denison University;English;English;;MLS;;;literature;;;;;Denison University;2019;US;Pittsburgh;;;;;;;;;;;
Go Sugimoto;22/05/2019;22/05/2019;0;0;1;0;0;1;0;0;0;1;0000-0003-2646-6784;1;0;1;0;0;1;0;0;0;Researcher; None; None;Tokyo;Vienna;Krems;JP;AT;AT;The National Museum of Modern Art, Tokyo;Austrian Academy of Sciences;Donau-UniversitÃ¤t Krems; None;Austrian Center for Digital Humanities;;Phd;;;data analysis;;;;;Donau-UniversitÃ¤t Krems;2019;AT;Vienna;;;;;;;;;;;
Seth Bernstein;04/10/2013;04/10/2013;0;0;1;0;0;1;0;0;0;1;0000-0001-5116-3828;1;0;1;0;0;1;0;0;0;;;Assistant Professor;;;Moscow;;;RU;;;National Research University Higher School of Economics;;;;Phd;;;history;;;;;National Research University Higher School of Economics;2013;;;;;;;;;;;;;
Nora McGregor;05/08/2013;05/08/2013;0;0;1;0;0;0;1;0;0;1;;0;0;1;0;0;0;1;0;0;;;;;;;;;;;;;;;;;;;;;;;;;2013;;;;;;;;;;;;;
Brad Rittenhouse;16/10/2019;16/10/2019;0;0;1;0;0;1;0;0;0;1;0000-0002-0669-8724;1;0;1;0;0;1;0;0;0;;;;;;;;;;;;;;;;Teaching Assistant;;;digital humanities;;;;;;2019;;;;;;;;;;;;;
Ximin Mi;16/10/2019;16/10/2019;0;0;1;0;0;1;0;0;0;1;;0;0;1;0;0;1;0;0;0;;;;;;;;;;;;;;;Sociology;MA;Post-doc;Visiting Assistant Professor;ICS;;;;;;2019;;;;;;;;;;;;;
Matteo Romanello;16/05/2021;16/05/2021;0;0;1;0;0;1;0;0;0;1;0000-0002-7406-6286;1;0;1;0;0;1;0;0;0;Phd;;;London;;;GB;;;" ""King's College London""";;;Department of Digital Humanities;;;Web Developer;;;;;;;;;2021;GB;London;;;;;;;;;;;
Luling Huang;29/09/2021;29/09/2021;0;0;1;0;0;0;1;0;0;1;;0;0;1;0;0;0;1;0;0;;;;;;;;;;;;;;;;Phd;;;;;;;;;2021;;;;;;;;;;;;;
Alex Wermer-Colan;29/09/2021;29/09/2021;0;0;1;0;0;0;0;1;0;1;;0;0;1;0;0;0;0;1;0;;;;;;;;;;;;;;;; None;;;; Temple University;2020;USA;Philadelphia; Temple University;2020;USA;Philadelphia;;;;;;;;;;;
Brice Lebrun;24/03/2021;24/03/2021;0;1;0;0;0;1;0;0;0;1;0000-0001-7503-8685;1;1;0;0;0;1;0;0;0;Master;;;Pessac;;;FR;;;UniversitÃ© Bordeaux Montaigne;;;None;;;;;;;;;;;;2021;FR;Pessac;;;;;;;;;;;
Courtney Allen;16/10/2019;16/10/2019;0;0;1;0;0;1;0;0;0;1;0000-0002-5750-5988;1;0;1;0;0;1;0;0;0;;; None;;;Seattle;;;US;;;University of Washington;;;;;;;;;;;;University of Washington;2019;;;;;;;;;;;;;
Marten DÃ¼ring;18/02/2015;18/02/2015;0;0;1;0;0;1;0;0;0;1;0000-0001-7411-771X;1;0;1;0;0;1;0;0;0;;;;;;;;;;;;;;;Department of English;;;;;;;;;;2015;;;;;;;;;;;;;
Halle Burns;17/05/2021;17/05/2021;0;0;1;0;0;1;0;0;0;1;0000-0003-2346-2876;1;0;1;0;0;1;0;0;0;Graduate Assistant;;;Urbana;;;US;;;University of Illinois;;;University Libraries;;;;;;;;;;;;2021;US;Urbana;;;;;;;;;;;
Jesse Sadler;03/05/2018;23/11/2020;2;0;2;0;0;0;2;0;0;2;;0;0;1;0;0;0;1;0;0;;;;;;;;;;;;;;;;Phd;;;;;;;;;2018;;;;;;;;;;;;;
Christopher N. Warren;23/08/2017;23/08/2017;0;0;1;0;0;1;0;0;0;1;0000-0002-9881-682X;1;0;1;0;0;1;0;0;0;Phd;;;Oxford;;;GB;;;University of Oxford;;;English;;;;;;literature;;;;;;2017;GB;Oxford;;;;;;;;;;;
Stephen Krewson;14/01/2019;14/01/2019;0;0;1;0;0;1;0;0;0;1;0000-0002-6086-0649;1;0;1;0;0;1;0;0;0;Bachelor;;;Philadelphia;;;US;;;University of Pennsylvania;;;English;;;;;;literature and computer science;;;;;;2019;US;Philadelphia;;;;;;;;;;;
Laura Turner O'Hara;22/05/2013;22/05/2013;0;0;1;0;0;1;0;0;0;1;;0;0;1;0;0;1;0;0;0;;;;;;;;;;;;;;;;Phd;Associate Professor;Associate Professor;history;;;;;;2013;;;;;;;;;;;;;
Thomas Jurczyk;29/09/2021;29/09/2021;0;0;1;0;0;1;0;0;0;1;;0;0;1;0;0;1;0;0;0;;;;;;;;;;;;;;;;Graduate Assistant;;;;;;;;;2021;;;;;;;;;;;;;
Susan Grunewald;11/02/2022;11/02/2022;0;0;1;0;0;1;0;0;0;1;0000-0003-1275-4101;1;0;1;0;0;1;0;0;0;Phd;;;Pittsburgh;;;US;;;Carnegie Mellon University;;;History;;;;;;;;;;;;2022;US;Pittsburgh;;;;;;;;;;;
Ted Dawson;21/07/2016;21/07/2016;0;0;1;0;0;1;0;0;0;1;0000-0002-9192-6233;1;0;1;0;0;1;0;0;0;MA;Phd;Visiting Assistant Professor;Berkeley;Nashville;College Park;US;US;US;University of California Berkeley;Vanderbilt University;University of Maryland;German;German;History, Anthropology & Philosophy;;;;german studies;;;;;University of Maryland;2016;US;Nashville;;;;;;;;;;;
Scholars' Lab Community;23/11/2020;23/11/2020;0;0;1;0;0;1;0;0;0;1;;0;0;1;0;0;1;0;0;0;;;;;;;;;;;;;;;;Phd;Digital Humanities Specialist;Director of Public Projects at the Roy Rosenzweig Center for History and New Media, Assistant Professor of History;;;;;;;2020;;;;;;;;;;;;;
David Kloster;08/12/2019;08/12/2019;0;0;1;0;0;1;0;0;0;1;0000-0001-8577-8409;1;0;1;0;0;1;0;0;0;Master;;;Bloomington;;;US;;;Indiana University;;;School of Informatics, Computing, and Engineering;; None;;;;;;;;;;2019;US;Bloomington;;;;;;;;;;;
Vilja Hulden;17/12/2014;17/12/2014;0;0;1;0;0;1;0;0;0;1;0000-0002-3812-7010;1;0;1;0;0;1;0;0;0;;;;;;;;;;;;;;;;;;;history;;;;;;2014;;;;;;;;;;;;;
Alex Brey;04/11/2018;04/11/2018;0;0;1;0;0;1;0;0;0;1;0000-0002-3201-8462;1;0;1;0;0;1;0;0;0;;;Assistant Professor;;;Wellesley;;;US;;;Wellesley College;;;Research Methods and Information Science;;;;visual arts;;;;;Wellesley College;2018;;;;;;;;;;;;;
Charlie Harper;27/07/2018;27/07/2018;0;0;1;0;0;1;0;0;0;1;0000-0003-3781-5812;1;0;1;0;0;1;0;0;0;Phd;;;Tallahassee;;;US;;;Florida State University;;;Classics;;;;;;library science;;;;;;2018;US;Tallahassee;;;;;;;;;;;
Moritz MÃ¤hr;30/01/2020;30/01/2020;0;0;1;0;0;1;0;0;0;1;0000-0002-1367-1618;1;0;1;0;0;1;0;0;0;Master;;Project Manager;Zurich;;Basel;CH;;CH;ETH Zurich;;University of Basel;Department of Humanities, Social and Political Sciences;;;;;;;;;;;University of Basel;2020;CH;Zurich;;;;;;;;;;;
Armando Luza;01/04/2019;01/04/2019;0;0;0;0;1;1;0;0;0;1;0000-0001-5679-7360;1;0;0;0;1;1;0;0;0;;;;;;;;;;;;;;;MÃ¡ster universitario en EnseÃ±anza y Aprendizaje de Idiomas mediante la TecnologÃ­a (Ãrea de Artes y Humanidades);;;;translation;;;;;;2019;;;;;;;;;;;;;
Anthony PicÃ³n RodrÃ­guez;11/07/2020;11/07/2020;0;0;0;0;1;1;0;0;0;1;0000-0001-6765-4146;1;0;0;0;1;1;0;0;0;;;;;;;;;;;;;;;;;;;;;;;;;2020;;;;;;;;;;;;;
Miguel Cuadros;11/07/2020;11/07/2020;0;0;0;0;1;1;0;0;0;1;0000-0001-7526-1166;1;0;0;0;1;1;0;0;0;Master;;;Binghamton;;;US;;;Binghamton University;;;History;;;;;;;;;;;;2020;US;Binghamton;;;;;;;;;;;
Gimena del RÃ­o Riande;14/12/2021;14/12/2021;0;0;0;0;1;1;0;0;0;1;0000-0002-8997-5415;1;0;0;0;1;1;0;0;0;;;;;;;;;;;;;;;Special and Area Studies Collection, George A. Smathers Libraries;;;;;;;;;;2021;;;;;;;;;;;;;
Brenta Blevins;10/08/2018;10/08/2018;0;0;1;0;0;0;1;0;0;1;;0;0;1;0;0;0;1;0;0;;;;;;;;;;;;;;;English;Phd;;Associate Professor;;;;;;;2018;;;;;;;;;;;;;
MarÃ­a Pilar Escobar;30/08/2021;30/08/2021;0;0;0;0;1;1;0;0;0;1;0000-0002-8977-7873;1;0;0;0;1;1;0;0;0;;;;;;;;;;;;;;;;;;;;;;;;;2021;;;;;;;;;;;;;
Manon Durier;01/04/2022;01/04/2022;0;1;0;0;0;0;1;0;0;1;0000-0001-5318-9167;1;1;0;0;0;0;1;0;0;;;;;;;;;;;;;;;;Engineer;;Visiting lecturer;;;;;;;2022;;;;;;;;;;;;;
Anandi Silva Knuppel;15/01/2018;14/01/2019;1;0;3;0;0;0;2;1;0;3;;0;0;1;0;0;0;1;1;0;;;;;;;;;;;;;;;;;;;digital humanities;;;;;;2018;;;;;;;;;;;;;
Peter Webster;13/12/2013;13/12/2013;0;0;2;0;0;0;2;0;0;2;0000-0001-6801-0852;1;0;1;0;0;0;1;0;0;;;;;;;;;;;;;;;;5;;Project Manager;;;;;;;2013;;;;;;;;;;;;;
Jessica Parr;29/08/2017;23/11/2020;3;0;4;0;0;0;0;4;0;4;0000-0003-4981-1587;1;0;1;0;0;0;0;1;0;Teaching Assistant;;;Durham;;;US;;;University of New Hampshire;;;History;;Data Analytics;Phd;Associate Professor;Professor;history; Simmons College;2017;USA;Boston; Simmons College;2017;USA;Boston;;;;;;;;;;;
Justin Larsen;18/02/2015;18/02/2015;0;0;1;0;0;0;1;0;0;1;;0;0;1;0;0;0;1;0;0;;;;;;;;;;;;;;;;Master;;;;;;;;;2015;;;;;;;;;;;;;
Sean Morey;10/08/2018;10/08/2018;0;0;1;0;0;0;1;0;0;1;0000-0002-8409-6091;1;0;1;0;0;0;1;0;0;;;;;;;;;;;;;;;;Phd;Associate Professor;Professor;;;;;;;2018;;;;;;;;;;;;;
Jeff Veitch;07/06/2016;07/06/2016;0;0;1;0;0;0;1;0;0;1;0000-0002-0287-7493;1;0;1;0;0;0;1;0;0;MA;MPhil;Visiting lecturer;London;Canterbury;London;GB;GB;GB;" ""King's College London""";University of Kent;University of Roehampton;Classics;Classical and Archaeological Studies;;3;;Professor;;;;;;University of Roehampton;2016;GB;Canterbury;;;;;;;;;;;
Patrick Smyth;02/04/2018;02/04/2018;0;0;1;0;0;1;0;0;0;1;;0;0;1;0;0;1;0;0;0;;;;;;;;;;;;;;;;;;;literature;;;;;;2018;;;;;;;;;;;;;
Manuel Marco Such;30/08/2021;30/08/2021;0;0;0;0;1;1;0;0;0;1;0000-0002-4145-0521;1;0;0;0;1;1;0;0;0;;;;;;;;;;;;;;;;;;;;;;;;;2021;;;;;;;;;;;;;
Marie-Anne Vibet;24/03/2021;24/03/2021;0;1;0;0;0;0;1;0;0;1;0000-0003-4003-3141;1;1;0;0;0;0;1;0;0;;;;;;;;;;;;;;;ALMAnaCH;;;Phd;;;;;;;2021;;;;;;;;;;;;;
Telmo Menezes;16/10/2019;16/10/2019;0;0;1;0;0;0;1;0;0;1;0000-0001-7204-6428;1;0;1;0;0;0;1;0;0;Phd;;;Coimbra;;;PT;;;Universidade de Coimbra;;;Faculty of Science and Technology;;;;Phd;Literary Informatics Librarian;;;;;;;2019;PT;Coimbra;;;;;;;;;;;
Ryan Muther;16/05/2021;16/05/2021;0;0;1;0;0;0;1;0;0;1;;0;0;1;0;0;0;1;0;0;;;;;;;;;;;;;;;;Phd;;;;;;;;;2021;;;;;;;;;;;;;
Marco BÃ¼chler;16/05/2021;16/05/2021;0;0;1;0;0;0;1;0;0;1;;0;0;1;0;0;0;1;0;0;;;;;;;;;;;;;;;;Phd;;;;;;;;;2021;;;;;;;;;;;;;
Konrad Lawson;13/09/2013;13/09/2013;0;0;1;0;0;0;1;0;0;1;0000-0002-0276-8078;1;0;1;0;0;0;1;0;0;Phd;;;Cambridge;;;US;;;Harvard University;;;History;;Office of Research;Graduate Teaching Assistant/Instructor;Digital Humanities Librarian;Librarian;;;;;;;2013;US;Cambridge;;;;;;;;;;;
Luke Bergmann;11/11/2012;11/11/2012;0;0;1;0;0;0;1;0;0;1;;0;0;1;0;0;0;1;0;0;;;;;;;;;;;;;;;History;Lecturer;;;;;;;;;2012;;;;;;;;;;;;;
Rob Sieczkiewicz;19/06/2015;19/06/2015;0;0;1;0;0;0;1;0;0;1;0000-0002-4429-136X;1;0;1;0;0;0;1;0;0;;;Director;;;Selinsgrove;;;US;;;Susquehanna University;;;;National Digital Stewardship Resident;Metadata & Cataloging Librarian;Head of Metadata Initiatives;;;;;;Susquehanna University;2015;;;;;;;;;;;;;
Lucas Terriel;06/01/2021;06/01/2021;0;1;0;0;0;0;0;0;1;1;0000-0002-9189-258X;1;1;0;0;0;0;0;0;1;;;;;;;;;;;;;;;;Research Engineer;Chef du service numÃ©rique de la recherche;ChargÃ© de dÃ©veloppement des ressources numÃ©riques du Centre de Ressources et de Recherches ;;;;;;;2021;;;;;;;;;;;;;
Celeste TÆ°á»ng Vy Sharpe;05/08/2016;05/08/2016;0;0;1;0;0;0;1;0;0;1;;0;0;1;0;0;0;1;0;0;;;;;;;;;;;;;;;History and Art History;MA;Phd;Visiting Assistant Professor;;;;;;;2016;;;;;;;;;;;;;
Frederik Elwert;17/07/2012;01/12/2015;3;0;10;0;0;0;10;0;0;10;0000-0001-9149-9377;1;0;1;0;0;0;1;0;0;MA;Phd; None;Bremen;Bochum;Bochum;DE;DE;DE;UniversitÃ¤t Bremen;Ruhr-Universitat Bochum;Ruhr-UniversitÃ¤t Bochum; None; None;;5;;Associate Professor;;;;;;Ruhr-UniversitÃ¤t Bochum;2012;DE;Bochum;;;;;;;;;;;
Antoine Henry;10/06/2021;01/04/2022;1;2;0;0;0;0;1;1;0;2;0000-0003-4722-4610;1;1;0;0;0;0;1;1;0;;;;;;;;;;;;;;;;Phd;Clinical Assistant Professor and Director of Digital Media Lab;Assistant Professor;;;;;;;2021;;;;;;;;;;;;;
Elisa Beshero-Bondar;23/08/2017;23/08/2017;0;0;1;0;0;0;1;0;0;1;0000-0002-1709-2314;1;0;1;0;0;0;1;0;0;Phd;Associate Professor;Professor;University Park;Greensburg;Erie;US;US;US;Pennsylvania State University;University of Pittsburgh at Greensburg;Penn State Behrend;English;Humanities Division;;Researcher; None; None;;;;;;Penn State Behrend;2017;US;Greensburg;;;;;;;;;;;
Peggy Griesinger;12/08/2017;12/08/2017;0;0;1;0;0;0;1;0;0;1;0000-0003-2771-5367;1;0;1;0;0;0;1;0;0;National Digital Stewardship Resident;Metadata & Cataloging Librarian;Head of Metadata Initiatives;New York;Fairfax;Notre Dame;US;US;US;Museum of Modern Art;George Mason University;University of Notre Dame;Conservation;University Libraries;;Molecular Biology;; None;;;;;;University of Notre Dame;2017;US;Fairfax;;;;;;;;;;;
Anne Chao;23/08/2017;23/08/2017;0;0;1;0;0;0;1;0;0;1;;0;0;1;0;0;0;1;0;0;;;;;;;;;;;;;;;Mathematics;;;;;;;;;;2017;;;;;;;;;;;;;
Zoe LeBlanc;27/07/2018;13/05/2019;1;0;3;0;0;0;2;1;0;3;0000-0003-2012-8805;1;0;1;0;0;0;1;1;0;;;;;;;;;;;;;;;;;; None;digital humanities developer; Princeton University;2018;USA;New Jersey; Princeton University;2018;USA;New Jersey;;;;;;;;;;;
Francesca Benatti;17/07/2012;17/07/2012;0;0;1;0;0;0;1;0;0;1;0000-0002-1456-7812;1;0;1;0;0;0;1;0;0;;;;;;;;;;;;;;;;Professor;Phd;;;;;;;;2012;;;;;;;;;;;;;
Hugo Bonin;19/06/2019;19/06/2019;0;1;0;0;0;0;0;0;1;1;0000-0002-9029-5564;1;1;0;0;0;0;0;0;1;;Phd;;;QC;;;CA;;;UniversitÃ© du QuÃ©bec Ã  MontrÃ©al;;;Political Science;;;Phd;;;;;;;0;2019;CA;QC;;;;;;;;;;;
Guy McClellan;01/12/2015;01/12/2015;0;0;1;0;0;0;1;0;0;1;;0;0;1;0;0;0;1;0;0;;;;;;;;;;;;;;;;Researcher; None;;;;;;;;2015;;;;;;;;;;;;;
Amanda Morton;17/07/2012;01/12/2015;3;0;7;0;0;0;7;0;0;7;;0;0;1;0;0;0;1;0;0;;;;;;;;;;;;;;;;;;;digital history;;;;;;2012;;;;;;;;;;;;;
Arthur Perret;09/09/2020;09/09/2020;0;1;0;0;0;0;1;0;0;1;0000-0002-4130-6669;1;1;0;0;0;0;1;0;0;Master;;;Villeurbanne;;;FR;;;" ""Ecole Nationale Superieur des Sciences de l'Information et des Bibliotheques""";;;" ""Sciences de l'information et des bibliothÃ¨ques";;Data Analytics;;Mellon Digital Humanities Fellow and Visiting Assistant Professor of English;;;;;;;;2020;FR;Villeurbanne;;;;;;;;;;;
Clemens Neudecker;06/01/2021;06/01/2021;0;0;1;0;0;0;1;0;0;1;0000-0001-5293-8322;1;0;1;0;0;0;1;0;0;Technical Coordinator Research;;;The Hague;;;NL;;;Koninklijke Bibliotheek;;;Innovation & IT;;;5;Graduate Research Assistant, Digital Scholarship Lab Manager;;;;;;;;2021;NL;The Hague;;;;;;;;;;;
Lisa Lowry;12/08/2017;12/08/2017;0;0;1;0;0;0;1;0;0;1;;0;0;1;0;0;0;1;0;0;;;;;;;;;;;;;;;;;;;;;;;;;2017;;;;;;;;;;;;;
Erin N. Bush;21/07/2016;24/04/2017;1;0;2;0;0;0;2;0;0;2;0000-0002-5958-9038;1;0;1;0;0;0;1;0;0;Master;Phd;Assistant Professor;Fairfax;Fairfax;Dahlonega;US;US;US;George Mason University;George Mason University;University of North Georgia;History & Art History;History & Art History;;Graduate Research Assistant;CLIR/DLF Postdoctoral Fellow in Data Curation for Latin American and Latina/o Studies;;;;;;;University of North Georgia;2016;US;Fairfax;;;;;;;;;;;
Brandon Locke;17/05/2021;17/05/2021;0;0;1;0;0;0;1;0;0;1;0000-0001-8531-3927;1;0;1;0;0;0;1;0;0;;;;;;;;;;;;;;;;;3;;;;;;;;2021;;;;;;;;;;;;;
Eleni Gadolou;11/02/2022;11/02/2022;0;0;1;0;0;0;1;0;0;1;;0;0;1;0;0;0;1;0;0;;;;;;;;;;;;;;;;Technical Coordinator Research;;;;;;;;;2022;;;;;;;;;;;;;
Paige Morgan;18/04/2016;18/04/2016;0;0;1;0;0;0;1;0;0;1;0000-0001-8076-7356;1;0;1;0;0;0;1;0;0;Graduate Teaching Assistant/Instructor;Digital Humanities Librarian;Librarian;Seattle;Coral Gables;Newark;US;US;US;University of Washington;University of Miami;University of Delaware;English;University of Miami Libraries;;5; None;;;;;;;University of Delaware;2016;US;Coral Gables;;;;;;;;;;;
Jacob W. Greene;10/08/2018;10/08/2018;0;0;1;0;0;1;0;0;0;1;;0;0;1;0;0;1;0;0;0;;;;;;;;;;;;;;;;MLIS;;Head, Research Support (Arts and Special Collections);literature;;;;;;2018;;;;;;;;;;;;;
Florian Cafiero;02/04/2020;02/04/2020;0;1;0;0;0;0;1;0;0;1;0000-0002-1951-6942;1;1;0;0;0;0;1;0;0;Engineer;;Visiting lecturer;Paris;;New York;FR;;US;Ecole des Hautes Etudes en Sciences Sociales;;Columbia University; None;;; None;;;;;;;;Columbia University;2020;FR;Paris;;;;;;;;;;;
Terhi Nurmikko-Fuller;07/05/2017;07/05/2017;0;0;1;0;0;0;1;0;0;1;0000-0002-0688-3006;1;0;1;0;0;0;1;0;0;Phd;;;Southampton;;;GB;;;University of Southampton;;;Humanities / Web Science CDT;;German;artist;;;;;;;;;2017;GB;Southampton;;;;;;;;;;;
Sarah Connell;05/05/2020;05/05/2020;0;0;1;0;0;0;1;0;0;1;0000-0001-9202-5798;1;0;1;0;0;0;1;0;0;;;;;;;;;;;;;;;University Libraries;3;;;;;;;;;2020;;;;;;;;;;;;;
LÃ©on Robichaud;27/01/2017;27/01/2017;0;0;1;0;0;0;1;0;0;1;;0;0;1;0;0;0;1;0;0;;;;;;;;;;;;;;;;;;Assistant Professor;;;;;;;2017;;;;;;;;;;;;;
John Fink;02/09/2012;13/11/2015;3;0;2;0;0;0;2;0;0;2;0000-0001-5301-5626;1;0;1;0;0;0;1;0;0;Master;;;San Jose;;;US;;;San Jose State University;;;School of Library and Information Science;;;3;;;;;;;;;2012;US;San Jose;;;;;;;;;;;
Charlotte Tupman;20/09/2014;20/09/2014;0;0;1;0;0;0;1;0;0;1;0000-0002-4211-1062;1;0;1;0;0;0;1;0;0;Lecturer;;;Exeter;;;GB;;;University of Exeter;;;Political Science;;;3;;;;;;;;;2014;GB;Exeter;;;;;;;;;;;
Isabelle Gribomont;03/05/2019;03/05/2019;0;1;0;0;0;0;1;0;0;1;0000-0001-7443-5849;1;1;0;0;0;0;1;0;0;;;;;;;;;;;;;;;;Digital Scholarship Specialist / IT Analyst;;;;;;;;;2019;;;;;;;;;;;;;
Ben Hurwitz;06/05/2013;06/05/2013;0;0;1;0;0;0;1;0;0;1;0000-0003-2670-6514;1;0;1;0;0;0;1;0;0;Bachelor;;Graduate Research Assistant;Waterville;;Atlanta;US;;US;Colby College;;Georgia Institute of Technology;Mathematics;;;3;;;;;;;;Georgia Institute of Technology;2013;US;Waterville;;;;;;;;;;;
Amber Stubbs;22/05/2019;22/05/2019;0;0;1;0;0;0;1;0;0;1;0000-0001-6148-9290;1;0;1;0;0;0;1;0;0;;;;;;;;;;;;;;;;5;;;;;;;;;2019;;;;;;;;;;;;;
GwenaÃ«lle Patat;19/11/2021;19/11/2021;0;1;0;0;0;0;0;1;0;1;0000-0002-8520-3485;1;1;0;0;0;0;0;1;0;;;;;;;;;;;;;;;;5;;;;;;;;;2021;;;;;;;;;;;;;
Catherine DeRose;22/11/2016;30/01/2020;4;0;3;0;0;0;3;0;0;3;0000-0002-0384-7704;1;0;1;0;0;0;1;0;0;;Outreach and Engagement Manager;;;New Haven;;;US;;;Yale University;;;Digital Humanities Lab;;5;;;;;;;;0;2016;US;New Haven;;;;;;;;;;;
Viera Rebolledo-Dhuin;01/04/2022;01/04/2022;0;1;0;0;0;0;1;0;0;1;0000-0002-4903-1372;1;1;0;0;0;0;1;0;0;Post-doc;;;Guyancourt;;;FR;;;UniversitÃ© de Versailles-Saint-Quentin-en-Yvelines;;; None;;;5;;;;;;;;;2022;FR;Guyancourt;;;;;;;;;;;
Marie-Christine Boucher;02/04/2020;10/06/2021;1;5;0;0;0;0;3;1;1;5;0000-0002-2475-3184;1;1;0;0;0;0;1;1;1;MA;;;Montreal;;;CA;;;UniversitÃ© de MontrÃ©al;;;German;;;5;;;; Justus-Liebig-Universität Gießen;2020;Germany;Giessen; Justus-Liebig-Universität Gießen;2020;Germany;Giessen;;;;;;;;;;;
FrÃ©dÃ©ric Clavert;06/07/2019;16/10/2019;0;1;1;0;0;0;2;0;0;2;0000-0002-0237-2532;1;1;1;0;0;0;1;0;0;Year abroad (Erasmus);;;Leeds;;;GB;;;University of Leeds School of Politics and International Studies;;;Politics and International Studies;;;Phd;;;;;;;;;2019;GB;Leeds;;;;;;;;;;;
Marie Puren;10/04/2019;30/07/2020;1;2;0;0;0;0;2;0;0;2;0000-0001-5452-3913;1;1;0;0;0;0;1;0;0;Research Engineer;Post-doc;Enseignante-chercheuse;Le Chesnay;Lyon;Le Kremlin-Bicetre;FR;FR;FR;Inria;CNRS;EPITECH; None;LARHRA;;Phd;;;history; LARHRA;2018;France;Paris; LARHRA;2018;France;Paris;;;;;;;;;;;
Jeri Wieringa;21/07/2016;08/12/2019;3;0;5;0;0;0;1;4;0;5;0000-0002-9364-2808;1;0;1;0;0;0;1;1;0;Master;Phd;Assistant Professor;New Haven;Fairfax;Tuscaloosa;US;US;US;Yale University Yale Divinity School;George Mason University;The University of Alabama; None;History and Art History;;Phd;;;history;;;;;The University of Alabama;2016;US;Fairfax;;;;;;;;;;;
Joanna Swafford;05/08/2016;05/08/2016;0;0;1;0;0;0;1;0;0;1;0000-0003-4125-2813;1;0;1;0;0;0;1;0;0;Phd;Assistant Professor;Digital Humanities Specialist;Charlottesville;New Paltz;Medford;US;US;US;University of Virginia;SUNY New Paltz Department of English;Tufts University;English;English;;Phd;;;;;;;;Tufts University;2016;US;New Paltz;;;;;;;;;;;
Allison Hegel;20/09/2014;20/09/2014;0;0;2;0;0;0;2;0;0;2;0000-0001-7750-7246;1;0;1;0;0;0;1;0;0;Post-doc;;;Bochum;;;DE;;;Ruhr-UniversitÃ¤t Bochum;;;Hegel Archiv;;;Phd;;;english studies;;;;;;2014;DE;Bochum;;;;;;;;;;;
Sylvia FernÃ¡ndez Quintanilla;18/03/2019;18/03/2019;0;0;1;0;0;0;1;0;0;1;;0;0;1;0;0;0;1;0;0;;;;;;;;;;;;;;;;;;;;;;;;;2019;;;;;;;;;;;;;
Brianna Allen;22/05/2019;22/05/2019;0;0;1;0;0;0;1;0;0;1;0000-0002-0824-4048;1;0;1;0;0;0;1;0;0;;;;;;;;;;;;;;;;Phd;;;;;;;;;2019;;;;;;;;;;;;;
Marcelo Raimundo;28/06/2021;28/06/2021;0;0;0;0;1;1;0;0;0;1;0000-0002-0200-6399;1;0;0;0;1;1;0;0;0;;;;;;;;;;;;;;;;;;;;;;;;;2021;;;;;;;;;;;;;
Folgert Karsdorp;21/04/2018;21/04/2018;0;0;1;0;0;0;1;0;0;1;0000-0002-5958-0551;1;0;1;0;0;0;1;0;0;;;;;;;;;;;;;;;;Phd;;;;;;;;;2018;;;;;;;;;;;;;
Jan Rybicki;21/04/2018;21/04/2018;0;0;1;0;0;0;1;0;0;1;0000-0003-2504-9372;1;0;1;0;0;0;1;0;0;Magister;;;Krakow;;;PL;;;Uniwersytet Jagiello?ski w Krakowie;;;Instytut Filologii Angielskiej;;;Phd;;;;;;;;;2018;PL;Krakow;;;;;;;;;;;
Brandee Easter;04/12/2021;04/12/2021;0;0;1;0;0;0;1;0;0;1;;0;0;1;0;0;0;1;0;0;;;;;;;;;;;;;;;;Phd;;;;;;;;;2021;;;;;;;;;;;;;
Alexandre Bartz;06/10/2021;06/10/2021;0;1;0;0;0;0;1;0;0;1;0000-0003-0850-8266;1;1;0;0;0;0;1;0;0;MSc;;;Paris;;;FR;;;Ã‰cole nationale des chartes;;; None;;;Post-doc;;;;;;;;;2021;FR;Paris;;;;;;;;;;;
Anna-Maria Sichani;18/03/2019;11/02/2022;3;0;5;0;0;0;0;5;0;5;0000-0001-6778-4610;1;0;1;0;0;0;0;1;0; None;;;Athens;;;GR;;;National and Kapodistrian University of Athens;;;Modern Greek Literature ;;;Post-doc;;;digital humanities and history; University of Sussex;2018;UK;Brighton; University of Sussex;2018;UK;Brighton;;;;;;;;;;;
DÃ©borah Dubald;10/04/2020;10/04/2020;0;1;0;0;0;0;1;0;0;1;0000-0002-2128-0641;1;1;0;0;0;0;1;0;0;Phd;;;Florence;;;IT;;;European University Institute;;;Department of History and Civilization;;;Professor;;;;;;;;;2020;IT;Florence;;;;;;;;;;;
Randa El Khatib;11/02/2022;11/02/2022;0;0;1;0;0;0;1;0;0;1;0000-0002-2480-4746;1;0;1;0;0;0;1;0;0;;;;;;;;;;;;;;;;Research Engineer;;;;;;;;;2022;;;;;;;;;;;;;
Simon Appleford;03/05/2018;03/05/2018;0;0;1;0;0;0;1;0;0;1;0000-0003-2192-7860;1;0;1;0;0;0;1;0;0; None;;;Clemson;;;US;;;Clemson University;;; None;;;Research Fellow;;;;;;;;;2018;US;Clemson;;;;;;;;;;;
Tessa C Hauswedell;07/07/2016;07/07/2016;0;0;1;0;0;0;1;0;0;1;0000-0002-0734-3538;1;0;1;0;0;0;1;0;0;;;;;;;;;;;;;;;History;TÃ©cnico auxiliar;;;;;;;;;2016;;;;;;;;;;;;;
Puteri Zarina Megat Khalid;15/01/2018;15/01/2018;0;0;1;0;0;0;1;0;0;1;0000-0002-9296-8662;1;0;1;0;0;0;1;0;0;;;;;;;;;;;;;;;Humanities;TÃ­tulo Superior en Arte DramÃ¡tico;;;;;;;;;2018;;;;;;;;;;;;;
Derek Price;21/07/2016;21/07/2016;0;0;1;0;0;0;1;0;0;1;;0;0;1;0;0;0;1;0;0;;;;;;;;;;;;;;;;Phd;;;;;;;;;2016;;;;;;;;;;;;;
Jane Winters;30/04/2014;30/04/2014;0;0;1;0;0;0;1;0;0;1;0000-0001-5502-5887;1;0;1;0;0;0;1;0;0;;;;;;;;;;;;;;;;Tutor in Logic;;;;;;;;;2014;;;;;;;;;;;;;
Nick Ruest;13/09/2013;29/08/2017;4;0;3;0;0;0;3;0;0;3;0000-0003-1891-1112;1;0;1;0;0;0;1;0;0;Adjunct Faculty;;;Detroit;;;US;;;Wayne State University;;;School of Information Sciences;;;Various roles (research fellow, webmaster, research assistant);;;;;;;;;2013;US;Detroit;;;;;;;;;;;
Tesla Cariani;20/12/2018;20/12/2018;0;0;1;0;0;0;1;0;0;1;;0;0;1;0;0;0;1;0;0;;;;;;;;;;;;;;;;Magister;;;;;;;;;2018;;;;;;;;;;;;;
Josh Romphf;20/12/2018;20/12/2018;0;0;1;0;0;0;1;0;0;1;;0;0;1;0;0;0;1;0;0;;;;;;;;;;;;;;; None;MaestrÃ­a en historia ;;;;;;;;;2018;;;;;;;;;;;;;
Thomas Soubiran;15/01/2020;06/10/2021;1;2;0;0;0;0;1;0;1;2;0000-0001-8531-8488;1;1;0;0;0;0;1;0;1;;;;;;;;;;;;;;;;Web services librarian;;;;;;;;;2020;;;;;;;;;;;;;
Sylvain Machefert;01/07/2019;09/05/2020;1;3;0;0;0;0;1;0;2;3;0000-0001-9288-1754;1;1;0;0;0;0;1;0;2;Web services librarian;;;Pessac;;;FR;;;UniversitÃ© Bordeaux III;;;Library and Information Science;;;Year abroad (Erasmus);;;;;;;;;2019;FR;Pessac;;;;;;;;;;;
Sofia Papastamkou;10/04/2019;01/04/2022;3;16;1;0;0;0;2;13;2;17;0000-0002-5148-1348;1;1;1;0;0;0;1;1;2;;;;;;;;;;;;;;;;;;;history; CNRS;2018;France;Lille; CNRS;2018;France;Lille;;;;;;;;;;;
Guillaume Florent;24/03/2021;24/03/2021;0;1;0;0;0;0;1;0;0;1;0000-0002-4553-8993;1;1;0;0;0;0;1;0;0;;;;;;;;;;;;;;;;;;;;;;;;;2021;;;;;;;;;;;;;
Lizzie Scholtus;24/03/2021;24/03/2021;0;1;0;0;0;0;1;0;0;1;0000-0001-8627-8991;1;1;0;0;0;0;1;0;0;;;;;;;;;;;;;;;;;;;;;;;;;2021;;;;;;;;;;;;;
Alix ChaguÃ©;01/07/2019;09/05/2020;1;3;0;0;0;0;2;0;1;3;0000-0002-0136-4434;1;1;0;0;0;0;1;0;1;;;Phd;;;Paris;;;FR;;;Inria;;;;;;;;;;;;Inria;2019;;;;;;;;;;;;;
Catherine Paulin;10/04/2020;10/04/2020;0;1;0;0;0;0;1;0;0;1;0000-0002-3440-6039;1;1;0;0;0;0;1;0;0;Professor;;;Besancon;;;FR;;;UniversitÃ© de Franche-ComtÃ©;;;UFR SLHS, English department;;;;;;;;;;;;2020;FR;Besancon;;;;;;;;;;;
CÃ©lian Ringwald;10/06/2021;10/09/2021;0;2;0;0;0;0;1;1;0;2;0000-0002-7302-9037;1;1;0;0;0;0;1;1;0;;;;;;;;;;;;;;;;;;;;;;;;;2021;;;;;;;;;;;;;
Antoine Gourlay;19/11/2021;19/11/2021;0;1;0;0;0;0;0;0;1;1;0000-0002-1016-213X;1;1;0;0;0;0;0;0;1;;;;;;;;;;;;;;;;;;;;;;;;;2021;;;;;;;;;;;;;
Floriane Chiffoleau;19/11/2021;19/11/2021;0;1;0;0;0;0;1;0;0;1;0000-0003-4482-7897;1;1;0;0;0;0;1;0;0;;;;;;;;;;;;;;;;;;;;;;;;;2021;;;;;;;;;;;;;
Matthias Gille Levenson;06/10/2021;06/10/2021;0;1;0;0;0;0;0;1;0;1;0000-0001-9488-5986;1;1;0;0;0;0;0;1;0;;;;;;;;;;;;;;;;;;;; ENS Lyon / Casa de Velázquez;2021;France;Lyon; ENS Lyon / Casa de Velázquez;2021;France;Lyon;;;;;;;;;;;
Antoine Courtin;09/05/2020;09/05/2020;0;1;0;0;0;0;1;0;0;1;0000-0003-0275-5143;1;1;0;0;0;0;1;0;0;Research Engineer;Chef du service numÃ©rique de la recherche;ChargÃ© de dÃ©veloppement des ressources numÃ©riques du Centre de Ressources et de Recherches ;Nanterre;Paris;Paris;FR;FR;FR;Labex Les PassÃ©s dans le prÃ©sent;" ""Institut National d'Histoire de l'Art""";Etablissement public du musÃ©e dâ€™Orsay et du musÃ©e de lâ€™Orangerie ValÃ©rie Giscard dâ€™Estain; None;DÃ©partement des Ã©tudes et de la recherche;;;;;;;;;;Etablissement public du musÃ©e dâ€™Orsay et du musÃ©e de lâ€™Orangerie ValÃ©rie Giscard dâ€™Estain;2020;FR;Paris;;;;;;;;;;;
Martin Grandjean;16/01/2020;16/01/2020;0;1;0;0;0;0;1;0;0;1;0000-0003-3184-3943;1;1;0;0;0;0;1;0;0;Phd;;;Lausanne;;;CH;;;UniversitÃ© de Lausanne;;; None;;;;;;history; University of Lausanne;2019;Switzerland;Lausanne; University of Lausanne;2019;Switzerland;Lausanne;;;;;;;;;;;
AurÃ©lien Berra;27/06/2012;27/06/2012;0;0;1;0;0;0;1;0;0;1;0000-0002-1695-8497;1;0;1;0;0;0;1;0;0; None;;;Paris;;;FR;;;Ecole des Hautes Etudes en Sciences Sociales;;; None;;Information Studies;;;;;;;;;;2012;FR;Paris;;;;;;;;;;;
John Russell;05/09/2016;27/03/2017;1;0;2;0;0;0;2;0;0;2;0000-0002-7998-940X;1;0;1;0;0;0;1;0;0;MLS;;;Bloomington;;;US;;;Indiana University;;; None;;Religious Studies;;;;;;;;;;2016;US;Bloomington;;;;;;;;;;;
Jon MacKay;20/02/2018;20/02/2018;0;0;1;0;0;1;0;0;0;1;;0;0;1;0;0;1;0;0;0;;;;;;;;;;;;;;;;;;;management;;;;;;2018;;;;;;;;;;;;;
"""Zo&#235"; Wilkinson Salda&#241;"a""";15/01/2018;15/01/2018;0;0;1;0;0;1;0;1;0;1;1;0;0;1;0;0;1;0;;;;;;;;;;;;;;;;;;;;;;;;;#VALUE!;;;;;;;;;;;;;
Patrick Burns;22/06/2013;08/12/2019;6;0;3;0;0;0;3;0;0;3;0000-0003-2158-866X;1;0;1;0;0;0;1;0;0;;Phd;;;Bronx;;;US;;;Fordham University;;;Classics;;;;;;;;;;0;2013;US;Bronx;;;;;;;;;;;
Melanie Walsh;29/09/2021;29/09/2021;0;0;1;0;0;0;1;0;0;1;0000-0003-4558-3310;1;0;1;0;0;0;1;0;0;Phd;;;St. Louis;;;US;;;Washington University in St. Louis;;;English;;;;;;;;;;;;2021;US;St. Louis;;;;;;;;;;;
Tim Compeau;07/06/2016;07/06/2016;0;0;1;0;0;0;1;0;0;1;;0;0;1;0;0;0;1;0;0;;;;;;;;;;;;;;;;Phd;;;;;;;;;2016;;;;;;;;;;;;;
Jon Crump;25/11/2014;25/11/2014;0;0;1;0;0;1;0;0;0;1;;0;0;1;0;0;1;0;0;0;;;;;;;;;;;;;;;English;;;;digital humanities;;;;;;2014;;;;;;;;;;;;;
M. Willis Monroe;23/11/2020;23/11/2020;0;0;1;0;0;0;1;0;0;1;0000-0002-9126-2991;1;0;1;0;0;0;1;0;0;Phd;;;Providence;;;US;;;Brown University;;;Egyptology and Assyriology;;;;;;;;;;;;2020;US;Providence;;;;;;;;;;;
Sandra van Ginhoven;13/09/2017;13/09/2017;0;0;1;0;0;0;1;0;0;1;0000-0001-6785-0809;1;0;1;0;0;0;1;0;0;;;;;;;;;;;;;;;;;;;;;;;;;2017;;;;;;;;;;;;;
Sheila Brennan;24/02/2016;24/02/2016;0;0;1;0;0;0;1;0;0;1;0000-0002-7883-2996;1;0;1;0;0;0;1;0;0;Phd;Associate Director;;Fairfax;Fairfax;;US;US;;George Mason University;George Mason University;;History and Art History;Roy Rosenzweig Center for History and New Media;;;;;;;;;;0;2016;US;Fairfax;;;;;;;;;;;
Taryn Dewar;05/09/2016;05/09/2016;0;0;1;0;0;1;0;0;0;1;;0;0;1;0;0;1;0;0;0;;;;;;;;;;;;;;;;;;;public history;;;;;;2016;;;;;;;;;;;;;
StÃ©fan Sinclair;22/11/2016;22/11/2016;0;0;1;0;0;0;1;0;0;1;;0;0;1;0;0;0;1;0;0;;;;;;;;;;;;;;;;;;;;;;;;;2016;;;;;;;;;;;;;
Alan MacEachern;02/09/2012;02/09/2012;0;0;1;0;0;0;1;0;0;1;;0;0;1;0;0;0;1;0;0;;;;;;;;;;;;;;;;;;;history;;;;;;2012;;;;;;;;;;;;;
Megan Kudzia;02/04/2018;17/05/2021;3;0;2;0;0;0;2;0;0;2;0000-0003-0900-6823;1;0;1;0;0;0;1;0;0;Master;;;Detroit;;;US;;;Wayne State University;;;School of Library and Information Science;;;;;;;;;;;;2018;US;Detroit;;;;;;;;;;;
Jason Crider;10/08/2018;10/08/2018;0;0;1;0;0;0;1;0;0;1;0000-0003-2897-2090;1;0;1;0;0;0;1;0;0;Graduate Teacher of Record;Graduate Research Fellow;Assistant Professor;Clemson;Gainesville;College Station;US;US;US;Clemson University;University of Florida;Texas A&M University ;English;English;;;;;;;;;;Texas A&M University ;2018;US;Gainesville;;;;;;;;;;;
Michelle Moravec;04/10/2013;04/10/2013;0;0;1;0;0;0;1;0;0;1;;0;0;1;0;0;0;1;0;0;;;;;;;;;;;;;;;;;;;;;;;;;2013;;;;;;;;;;;;;
Ezra Brooks;04/10/2013;04/10/2013;0;0;1;0;0;0;1;0;0;1;;0;0;1;0;0;0;1;0;0;;;;;;;;;;;;;;;;;;;;;;;;;2013;;;;;;;;;;;;;
Russell Alleen-Willems;04/10/2013;04/10/2013;0;0;1;0;0;0;1;0;0;1;;0;0;1;0;0;0;1;0;0;;;;;;;;;;;;;;;;Research Assistant;Research Assistant;Research Assistant;;;;;;;2013;;;;;;;;;;;;;
Dennis Tenen;19/03/2014;19/03/2014;0;0;1;0;0;1;0;0;0;1;;0;0;1;0;0;1;0;0;0;;;;;;;;;;;;;;;;;;;literature;;;;;;2014;;;;;;;;;;;;;
Dave Shepard;22/06/2013;22/06/2013;0;0;1;0;0;0;1;0;0;1;;0;0;1;0;0;0;1;0;0;;;;;;;;;;;;;;;;;;;;;;;;;2013;;;;;;;;;;;;;
Boris Capitanu;22/11/2016;22/11/2016;0;0;1;0;0;1;0;0;0;1;;0;0;1;0;0;1;0;0;0;;;;;;;;;;;;;;;;;;;computer science;;;;;;2016;;;;;;;;;;;;;
Doug Knox;22/06/2013;22/06/2013;0;0;1;0;0;1;0;0;0;1;;0;0;1;0;0;1;0;0;0;;;;;;;;;;;;;;;;;;;digital humanities;;;;;;2013;;;;;;;;;;;;;
Ryan Cordell;18/02/2015;18/02/2015;0;0;1;0;0;0;1;0;0;1;0000-0002-4345-0533;1;0;1;0;0;0;1;0;0;Phd;Associate Professor;Associate Professor;Charlottesville;Boston;Urbana;US;US;US;University of Virginia;Northeastern University;University of Illinois;English;English;;;;;;;;;;University of Illinois;2015;US;Boston;;;;;;;;;;;
Sharon Howard;11/11/2012;30/04/2014;2;0;2;0;0;0;2;0;0;2;0000-0002-6051-6274;1;0;1;0;0;0;1;0;0;Phd;Project Manager;Research Assistant;Aberystwyth;Sheffield;London;GB;GB;GB;Aberystwyth University;University of Sheffield;Birkbeck University of London;History and Welsh History;Digital Humanities Institute;Tufts Technology Services;;;;;;;;;Birkbeck University of London;2012;GB;Sheffield;;;;;;;;;;;
Qiwei Li;23/08/2017;23/08/2017;0;0;1;0;0;0;1;0;0;1;0000-0002-1020-3050;1;0;1;0;0;0;1;0;0;;Assistant Professor;Assistant Professor;;Dallas;Richardson;;US;US;;University of Texas Southwestern Medical Center;University of Texas at Dallas;;Medical Center;;;;;;;;;;University of Texas at Dallas;2017;US;Dallas;;;;;;;;;;;
Brandon Hawk;25/11/2014;25/11/2014;0;0;1;0;0;0;1;0;0;1;0000-0002-5406-8807;1;0;1;0;0;0;1;0;0;MA;;Associate Professor;Storrs;;Providence;US;;US;University of Connecticut;;Rhode Island College;Medieval Studies;;Historical Research;;;;;;;;;Rhode Island College;2014;US;Storrs;;;;;;;;;;;
Jack Pay;30/01/2020;30/01/2020;0;0;1;0;0;0;1;0;0;1;;0;0;1;0;0;0;1;0;0;;;;;;;;;;;;;;;;;;;;;;;;;2020;;;;;;;;;;;;;
Adam Dennett;27/01/2017;27/01/2017;0;0;1;0;0;0;1;0;0;1;0000-0003-2742-5968;1;0;1;0;0;0;1;0;0;;;;;;;;;;;;;;;;;;;;;;;;;2017;;;;;;;;;;;;;
Anouk Lang;31/10/2017;31/10/2017;0;0;1;0;0;0;1;0;0;1;0000-0001-9597-1026;1;0;1;0;0;0;1;0;0;;;;;;;;;;;;;;;Library and Information Science;;;;;;;;;;2017;;;;;;;;;;;;;
Finn Arne JÃ¸rgensen;13/12/2013;13/12/2013;0;0;4;0;0;0;4;0;0;4;0000-0003-3696-4189;1;0;1;0;0;0;1;0;0;Phd;Associate Professor;Professor;Trondheim;UmeÃ¥;Stavanger;NO;SE;NO;Norwegian University of Science and Technology;UmeÃ¥ University;University of Stavanger;Department of Interdisciplinary Studies of Culture;Department of Historical, Philosophical, and Religious Studies;;;;;;;;;;University of Stavanger;2013;SE;UmeÃ¥;;;;;;;;;;;
Abby Schreiber;13/12/2013;13/12/2013;0;0;2;0;0;0;2;0;0;2;0000-0003-2350-049X;1;0;1;0;0;0;1;0;0;;;;;;;;;;;;;;;;;;;;;;;;;2013;;;;;;;;;;;;;
Diana Rebelo Rodriguez;13/07/2021;02/03/2022;1;0;0;4;0;0;0;0;4;4;;0;0;0;1;0;0;0;0;4;;;;;;;;;;;;;;;;;;;;;;;;;2021;;;;;;;;;;;;;
Nancy Lemay;13/11/2015;13/11/2015;0;0;1;0;0;0;1;0;0;1;0000-0003-0311-5252;1;0;1;0;0;0;1;0;0;;;;;;;;;;;;;;;;;;;;;;;;;2015;;;;;;;;;;;;;
Ana Giulia Aldgeire;19/11/2021;02/03/2022;1;0;0;2;0;0;2;0;0;2;;0;0;0;1;0;0;1;0;0;;;;;;;;;;;;;;;;;;;;;;;;;2021;;;;;;;;;;;;;
Rafael Laguardia;30/03/2021;30/03/2021;0;0;0;1;0;0;0;0;1;1;;0;0;0;1;0;0;0;0;1;;;;;;;;;;;;;;;;;;;;;;;;;2021;;;;;;;;;;;;;
Oliver Duke-Williams;18/03/2019;18/03/2019;0;0;1;0;0;0;1;0;0;1;0000-0001-8050-1881;1;0;1;0;0;0;1;0;0;;;;;;;;;;;;;;;;;;;;;;;;;2019;;;;;;;;;;;;;
Lee Skallerup Bessette;29/08/2017;29/08/2017;0;0;1;0;0;0;1;0;0;1;0000-0002-0827-3420;1;0;1;0;0;0;1;0;0;;;;;;;;;;;;;;;Technology and Digital Scholarship;;;;;;;;;;2017;;;;;;;;;;;;;
Ana AlcÃ¢ntara;30/03/2021;30/03/2021;0;0;0;1;0;0;1;0;0;1;;0;0;0;1;0;0;1;0;0;;;;;;;;;;;;;;;;;;;;;;;;;2021;;;;;;;;;;;;;
Antonio Rojas Castro;15/03/2017;11/12/2020;3;0;1;0;45;0;30;15;1;46;0000-0002-8916-4997;1;0;1;0;1;0;1;1;1;Researcher; None;;Barcelona;Koln;;ES;DE;;Universitat Pompeu Fabra;UniversitÃ¤t zu KÃ¶ln;;Humanities;Cologne Center for eHumanities;;;;;literature;;;;;0;2017;DE;Koln;;;;;;;;;;;
Daniel Bonatto Seco;17/12/2021;18/12/2021;0;0;0;2;0;0;2;0;0;2;;0;0;0;1;0;0;1;0;0;;;;;;;;;;;;;;;;;;;;;;;;;2021;;;;;;;;;;;;;
Ana Carolina Erthal;13/01/2022;13/01/2022;0;0;0;1;0;0;1;0;0;1;;0;0;0;1;0;0;1;0;0;;;;;;;;;;;;;;;;;;;;;;;;;2022;;;;;;;;;;;;;
Gabriela Kucuruza;26/03/2021;02/07/2021;0;0;0;3;0;0;0;0;3;3;;0;0;0;1;0;0;0;0;3;;;;;;;;;;;;;;;;;;;;;;;;;2021;;;;;;;;;;;;;
Daniel Alves;26/03/2021;02/07/2021;0;0;0;3;0;0;1;2;0;3;;0;0;0;1;0;0;1;1;0;;;;;;;;;;;;;;;;;;;; Faculdade de Ciências Sociais e Humanas da Universidade Nova de Lisboa;2020;Portugal;Lisbon; Faculdade de Ciências Sociais e Humanas da Universidade Nova de Lisboa;2020;Portugal;Lisbon;;;;;;;;;;;
Danielle Sanches;12/05/2021;02/07/2021;0;0;0;7;0;0;1;6;0;7;;0;0;0;1;0;0;1;1;0;;;;;;;;;;;;;;;;;;;; Fundação Getulio Vargas;2020;Brazil;Sao Paolo; Fundação Getulio Vargas;2020;Brazil;Sao Paolo;;;;;;;;;;;
Bruno Gasparotto Ponne;26/03/2021;26/03/2021;0;0;0;1;0;0;0;0;1;1;;0;0;0;1;0;0;0;0;1;;;;;;;;;;;;;;;;;;;;;;;;;2021;;;;;;;;;;;;;
Josir C. Gomes;13/05/2021;13/05/2021;0;0;0;4;0;0;0;0;4;4;;0;0;0;1;0;0;0;0;4;;;;;;;;;;;;;;;;;;;;;;;;;2021;;;;;;;;;;;;;
Jason Heppler;24/04/2017;24/04/2017;0;0;1;0;0;0;1;0;0;1;0000-0003-4158-6186;1;0;1;0;0;0;1;0;0;Academic Technology Specialist;;Senior Web Developer;Stanford;;Fairfax;US;;US;Stanford University;;George Mason University;Stanford University Libraries;;;;;;;;;;;George Mason University;2017;US;Stanford;;;;;;;;;;;
Ben Schmidt;27/07/2018;27/07/2018;0;0;1;0;0;0;1;0;0;1;0000-0002-8263-5485;1;0;1;0;0;0;1;0;0;;;;;;;;;;;;;;;Department of History;;;;;;;;;;2018;;;;;;;;;;;;;
Caio Mello;14/06/2021;14/06/2021;0;0;0;1;0;0;0;0;1;1;0000-0001-7492-7237;1;0;0;1;0;0;0;0;1;;;;;;;;;;;;;;;;;;;;;;;;;2021;;;;;;;;;;;;;
Ã‚ngela PitÃ©;07/06/2021;07/06/2021;0;0;0;1;0;0;1;0;0;1;;0;0;0;1;0;0;1;0;0;;;;;;;;;;;;;;;;;;;;;;;;;2021;;;;;;;;;;;;;
Josir Cardoso Gomes;26/03/2021;14/06/2021;0;0;0;3;0;0;1;2;0;3;0000-0001-7629-1404;1;0;0;1;0;0;1;1;0;MSc;Phd;;Rio de Janeiro;Rio de Janeiro;;BR;BR;;Instituto Brasileiro de Mercado de Capitais;Instituto Brasileiro de InformaÃ§Ã£o em CiÃªncia e Tecnologia;;Business Administration;PPGCI/UFRJ;;;;;;;;;;0;2021;BR;Rio de Janeiro;;;;;;;;;;;
Bruno Ponne;14/06/2021;14/06/2021;0;0;0;1;0;0;1;0;0;1;0000-0002-3057-932X;1;0;0;1;0;0;1;0;0;Bachelor;;;Brasilia;;;BR;;;Universidade de BrasÃ­lia;;;History;;;;;;;;;;;;2021;BR;Brasilia;;;;;;;;;;;
Ian Araujo;14/06/2021;02/03/2022;1;0;0;4;0;0;4;0;0;4;0000-0001-6359-4991;1;0;0;1;0;0;1;0;0;;;;;;;;;;;;;;;;;;;;;;;;;2021;;;;;;;;;;;;;
Jimmy Medeiros;26/03/2021;02/03/2022;1;0;0;10;0;0;0;10;0;10;0000-0002-8280-3338;1;0;0;1;0;0;0;1;0;Meste em PopulaÃ§Ã£o, TerritÃ³rio e EstatÃ­sticas PÃºblicas;;;Rio de Janeiro;;;BR;;;ENCE / IBGE;;;ENCE;;;;;;; Fundação Getulio Vargas;2020;Brazil;Sao Paolo; Fundação Getulio Vargas;2020;Brazil;Sao Paolo;;;;;;;;;;;
Joana Vieira Paulino;29/01/2021;13/01/2022;1;0;0;6;0;0;3;3;0;6;0000-0002-9433-2799;1;0;0;1;0;0;1;1;0;Research Fellow;;;Lisboa;;;PT;;;Instituto de HistÃ³ria ContemporÃ¢nea;;;HistÃ³ria ContemporÃ¢nea;;;;;;; Faculdade de Ciências Sociais e Humanas da Universidade Nova de Lisboa;2020;Portugal;Lisbon; Faculdade de Ciências Sociais e Humanas da Universidade Nova de Lisboa;2020;Portugal;Lisbon;;;;;;;;;;;
MÃ¡rcia T. Cavalcanti;29/01/2021;29/01/2021;0;0;0;1;0;0;0;0;1;1;;0;0;0;1;0;0;0;0;1;;;;;;;;;;;;;;;;;;;;;;;;;2021;;;;;;;;;;;;;
Maria Guedes;29/01/2021;13/07/2021;0;0;0;2;0;0;2;0;0;2;;0;0;0;1;0;0;1;0;0;;;;;;;;;;;;;;;;;;;;;;;;;2021;;;;;;;;;;;;;
Elizabeth Freire;29/01/2021;29/01/2021;0;0;0;1;0;0;1;0;0;1;;0;0;0;1;0;0;1;0;0;;;;;;;;;;;;;;;;;;;;;;;;;2021;;;;;;;;;;;;;
Luis Ferla;30/03/2021;30/03/2021;0;0;0;1;0;0;1;0;0;1;0000-0003-3617-2560;1;0;0;1;0;0;1;0;0;;;;;;;;;;;;;;;;;;;; Universidade Federal de São Paulo;2020;Brazil;Sao Paolo; Universidade Federal de São Paulo;2020;Brazil;Sao Paolo;;;;;;;;;;;
Felipe Lamarca;26/03/2021;13/01/2022;1;0;0;7;0;0;3;0;4;7;0000-0003-0002-3627;1;0;0;1;0;0;1;0;4;;;;;;;;;;;;;;;;;;;;;;;;;2021;;;;;;;;;;;;;
Bruno Martins;30/03/2021;13/05/2021;0;0;0;7;0;0;7;0;0;7;0000-0002-8102-9416;1;0;0;1;0;0;1;0;0;Laboratory Technician;;;Lisboa;;;PT;;;Universidade de Lisboa Instituto Superior TÃ©cnico;;; None;;;;;;;;;;;;2021;PT;Lisboa;;;;;;;;;;;
Renato Rocha Souza;13/05/2021;13/05/2021;0;0;0;5;0;0;5;0;0;5;0000-0002-1895-3905;1;0;0;1;0;0;1;0;0;Professor;;;Belo Horizonte;;;BR;;;Universidade Federal de Minas Gerais;;;Escola de Ciencia da Informacao;;;;;;;;;;;;2021;BR;Belo Horizonte;;;;;;;;;;;
JoÃ£o Gilberto Neves Saraiva;30/03/2021;30/03/2021;0;0;0;1;0;0;0;0;1;1;0000-0002-2094-8216;1;0;0;1;0;0;0;0;1;Licenciado;;;Natal;;;BR;;;Universidade Federal do Rio Grande do Norte;;;Departamento de HistÃ³ria;;;;;;;;;;;;2021;BR;Natal;;;;;;;;;;;
RÃ´mulo Predes;12/05/2021;13/07/2021;0;0;0;3;0;0;3;0;0;3;0000-0001-9461-7834;1;0;0;1;0;0;1;0;0;Bachelor;;;Rio de Janeiro;;;BR;;;Escola de CiÃªncias Sociais FGV/CPDOC;;; Sociais e Politicos;;;;;;;;;;;;2021;BR;Rio de Janeiro;;;;;;;;;;;
Mariana Affonso Penna;10/09/2021;10/09/2021;0;0;0;1;0;0;0;0;1;1;0000-0001-5415-795X;1;0;0;1;0;0;0;0;1;Phd;;;NiterÃ³i;;;BR;;;Universidade Federal Fluminense;;;History;;;;;;;;;;;;2021;BR;NiterÃ³i;;;;;;;;;;;
Aracele Torres;12/05/2021;13/05/2021;0;0;0;2;0;0;0;0;2;2;0000-0002-5240-060X;1;0;0;1;0;0;0;0;2;Phd;;;Sao Paulo;;;BR;;;Universidade de SÃ£o Paulo;;;History;;;;;;; Universidade Federal de São Paulo;2020;Brazil;Sao Paolo; Universidade Federal de São Paulo;2020;Brazil;Sao Paolo;;;;;;;;;;;
Ivo Veiga;21/05/2021;28/08/2021;0;0;0;2;0;0;2;0;0;2;0000-0001-8385-3030;1;0;0;1;0;0;1;0;0;Phd;;;London;;;GB;;;University College London;;;Political Science;;;;;;;;;;;;2021;GB;London;;;;;;;;;;;
Silvia GutiÃ©rrez;02/06/2018;11/04/2022;4;0;0;0;2;0;2;0;0;2;;0;0;0;0;1;0;1;0;0;;;;;;;;;;;;;;;;;;;;;;;;;2018;;;;;;;;;;;;;
Romulo Predes;28/08/2021;28/08/2021;0;0;0;1;0;0;1;0;0;1;0000-0001-9461-7834;1;0;0;1;0;0;1;0;0;Bachelor;;;Rio de Janeiro;;;BR;;;Escola de CiÃªncias Sociais FGV/CPDOC;;; Sociais e Politicos;;;;;;;;;;;;2021;BR;Rio de Janeiro;;;;;;;;;;;
Gabriela Elgarrista;23/04/2019;23/04/2019;0;0;0;0;1;0;1;0;0;1;;0;0;0;0;1;0;1;0;0;;;;;;;;;;;;;;;;;;;;;;;;;2019;;;;;;;;;;;;;
Suemi Higuchi;21/05/2021;21/05/2021;0;0;0;1;0;0;1;0;0;1;0000-0002-6255-3781;1;0;0;1;0;0;1;0;0;;;;;;;;;;;;;;;;;;;;;;;;;2021;;;;;;;;;;;;;
Stephanie J. Richmond;24/04/2017;24/04/2017;0;0;1;0;0;1;0;0;0;1;;0;0;1;0;0;1;0;0;0;;;;;;;;;;;;;;;;;;;history;;;;;;2017;;;;;;;;;;;;;
Daniela Ãvido;20/04/2019;20/04/2019;0;0;0;0;1;0;1;0;0;1;;0;0;0;0;1;0;1;0;0;;;;;;;;;;;;;;;;;;;;;;;;;2019;;;;;;;;;;;;;
Tommy Tavenner;24/04/2017;24/04/2017;0;0;1;0;0;1;0;0;0;1;;0;0;1;0;0;1;0;0;0;;;;;;;;;;;;;;;Roy Rosenzweig Center for History and New Media;;;;data architecture and developer;;;;;;2017;;;;;;;;;;;;;
Samuel Van Ransbeeck;26/03/2021;26/03/2021;0;0;0;1;0;0;1;0;0;1;0000-0001-6959-6605;1;0;0;1;0;0;1;0;0;artist;;;London;;;GB;;;Queen Mary University of London;;;" ""People's Palace Projects""";;;;;;;;;;;;2021;GB;London;;;;;;;;;;;
Juliana Marques da Silva;26/03/2021;26/03/2021;0;0;0;1;0;0;1;0;0;1;0000-0002-1637-8505;1;0;0;1;0;0;1;0;0;;;;;;;;;;;;;;;;;;;;;;;;;2021;;;;;;;;;;;;;
Victor Gayol;02/06/2018;05/06/2020;2;0;0;0;4;0;1;2;1;4;0000-0002-2442-3193;1;0;0;0;1;0;1;1;1;Phd;;;Zamora;;;MX;;;El Colegio de MichoacÃ¡n;;;Centro de Estudios HistÃ³ricos;;;;;;history;;;;;;2018;MX;Zamora;;;;;;;;;;;
Riva Quiroga;13/05/2018;11/04/2022;4;0;0;0;7;0;5;1;1;7;0000-0002-1147-4135;1;0;0;0;1;0;1;1;1;;;;;;;;;;;;;;;;;;;linguistics; Universidad Católica de Chile;2019;Chile;Santiago; Universidad Católica de Chile;2019;Chile;Santiago;;;;;;;;;;;
Carlos Manuel VarÃ³n CastaÃ±eda;04/05/2018;04/05/2018;0;0;0;0;1;0;0;0;1;1;0000-0001-9581-5007;1;0;0;0;1;0;0;0;1;LingÃ¼ista;;;Bogota;;;CO;;;Universidad Nacional de Colombia;;;LingÃ¼ista;;;;;;;;;;;;2018;CO;Bogota;;;;;;;;;;;
MarÃ­a JosÃ© Cabra Montes;23/04/2018;23/04/2018;0;0;0;0;1;0;0;0;1;1;;0;0;0;0;1;0;0;0;1;;;;;;;;;;;;;;;;;;;;;;;;;2018;;;;;;;;;;;;;
Basthian Medina;28/06/2021;11/04/2022;1;0;0;0;2;0;1;0;1;2;0000-0001-5822-5112;1;0;0;0;1;0;1;0;1;Magister;;;Santiago;;;CL;;;Pontificia Universidad CatÃ³lica de Chile;;;Facultad de FilosofÃ­a y Letras;;;;;;;;;;;;2021;CL;Santiago;;;;;;;;;;;
Juan Camilo Murcia;14/10/2017;14/10/2017;0;0;0;0;1;0;1;0;0;1;;0;0;0;0;1;0;1;0;0;;;;;;;;;;;;;;; None;;;;;;;;;;2017;;;;;;;;;;;;;
JosÃ© Antonio Motilla;26/04/2017;11/04/2022;5;0;0;0;10;0;6;3;1;10;0000-0003-0591-5560;1;0;0;0;1;0;1;1;1;MaestrÃ­a en historia ;;;San Luis Potosi;;;MX;;;Universidad AutÃ³noma de San Luis PotosÃ­;;; None;;;;;;;;;;;;2017;MX;San Luis Potosi;;;;;;;;;;;
Lorena Campuzano;05/06/2020;05/06/2020;0;0;0;0;1;0;0;0;1;1;;0;0;0;0;1;0;0;0;1;;;;;;;;;;;;;;;;;;;;;;;;;2020;;;;;;;;;;;;;
Jairo Melo;05/06/2020;05/06/2020;0;0;0;0;1;0;1;0;0;1;;0;0;0;0;1;0;1;0;0;;;;;;;;;;;;;;;;;;;;;;;;;2020;;;;;;;;;;;;;
Camilo Murcia Galindo;05/06/2020;05/06/2020;0;0;0;0;1;0;1;0;0;1;;0;0;0;0;1;0;1;0;0;;;;;;;;;;;;;;;;;;;;;;;;;2020;;;;;;;;;;;;;
Maria JosÃ© Afanador-Llach;15/03/2017;30/08/2021;4;0;0;0;32;0;21;9;2;32;0000-0003-2652-5799;1;0;0;0;1;0;1;1;2;Phd;;;Austin;;;US;;;University of Texas at Austin;;;History;;;;;;;;;;;;2017;US;Austin;;;;;;;;;;;
Antonio SÃ¡nchez-Padial;13/05/2018;23/04/2019;1;0;0;0;2;0;2;0;0;2;0000-0001-9532-3133;1;0;0;0;1;0;1;0;0;M.Sc. Software Engineering;;;GijÃ³n;;;ES;;;Universidad de Oviedo;;;Software Systems and Computation;;;;;;;;;;;;2018;ES;GijÃ³n;;;;;;;;;;;
MarÃ­a JosÃ© Afanador-Llach;30/03/2020;30/03/2020;0;0;0;0;1;0;1;0;0;1;0000-0003-2652-5799;1;0;0;0;1;0;1;0;0;Phd;;;Austin;;;US;;;University of Texas at Austin;;;History;;;;;;;;;;;;2020;US;Austin;;;;;;;;;;;
Sebastian Fiori;11/12/2020;11/12/2020;0;0;0;0;1;0;0;0;1;1;;0;0;0;0;1;0;0;0;1;;;;;;;;;;;;;;;;;;;;;;;;;2020;;;;;;;;;;;;;
VÃ­ctor Gayol;15/03/2017;30/08/2021;4;0;0;0;28;0;3;1;24;28;0000-0002-2442-3193;1;0;0;0;1;0;1;1;24;Phd;;;Zamora;;;MX;;;El Colegio de MichoacÃ¡n;;;Centro de Estudios HistÃ³ricos;;;;;;;;;;;;2017;MX;Zamora;;;;;;;;;;;
Adriana CÃ¡sarez;12/05/2020;12/05/2020;0;0;0;0;1;0;1;0;0;1;;0;0;0;0;1;0;1;0;0;;;;;;;;;;;;;;;;;;;;;;;;;2020;;;;;;;;;;;;;
Jairo A. Melo;15/03/2017;07/10/2017;0;0;0;0;20;0;19;0;1;20;0000-0002-8174-4524;1;0;0;0;1;0;1;0;1;Phd;;;Berlin;;;DE;;;Freie UniversitÃ¤t Berlin;;;Political and Social Sciences;;;;;;;;;;;;2017;DE;Berlin;;;;;;;;;;;
Ignacio RodrÃ­guez;01/04/2019;01/04/2019;0;0;0;0;1;0;1;0;0;1;0000-0002-3752-9536;1;0;0;0;1;0;1;0;0; None;;Professor;Bergamo;;Barcelona;IT;;ES;UniversitÃ  degli Studi di Bergamo;;Universitat Oberta de Catalunya;Dottorato di Ricerca (Ph.D) in Letterature Euro-Americane - XXV Ciclo;;;;;;;;;;;Universitat Oberta de Catalunya;2019;IT;Bergamo;;;;;;;;;;;
Joseba Moreno;23/04/2018;20/08/2018;0;0;0;0;2;0;2;0;0;2;0000-0002-6756-4404;1;0;0;0;1;0;1;0;0;;;;;;;;;;;;;;;;;;;;;;;;;2018;;;;;;;;;;;;;
Joshua Ortiz-Baco;29/11/2018;29/11/2018;0;0;0;0;1;0;1;0;0;1;0000-0002-9723-4262;1;0;0;0;1;0;1;0;0;MA;;Digital Archivist;Madrid;;San Juan;ES;;PR;Universidad AutÃ³noma de Madrid;;Puerto Rico Architectural Heritage Archive;FilosofÃ­a y Letras;;;;;;;;;;;Puerto Rico Architectural Heritage Archive;2018;ES;Madrid;;;;;;;;;;;
JosÃ© Calvo Tello;20/04/2017;20/04/2017;0;0;0;0;1;0;1;0;0;1;0000-0002-1129-5604;1;0;0;0;1;0;1;0;0;;;;;;;;;;;;;;;;;;;;;;;;;2017;;;;;;;;;;;;;
Rosa MarÃ­a MuÃ±oz Mendo;16/11/2021;16/11/2021;0;0;0;0;1;0;1;0;0;1;;0;0;0;0;1;0;1;0;0;;;;;;;;;;;;;;;BiblioteconomÃ­a y DocumentaciÃ³n;;;;;;;;;;2021;;;;;;;;;;;;;
AndrÃ©s Gattinoni;15/03/2018;15/03/2018;0;0;0;0;1;0;0;0;1;1;0000-0001-6741-6746;1;0;0;0;1;0;0;0;1;Professor;Phd;;Buenos Aires;Buenos Aires;;AR;AR;;Universidad de Buenos Aires;Universidad de Buenos Aires;;Facultad de FilosofÃ­a y Letras ;Facultad de FilosofÃ­a y Letras;SG de Grandes Infraestructuras CientÃ­fico-TÃ©cnicas;;;;;;;;;0;2018;AR;Buenos Aires;;;;;;;;;;;
Antonio JesÃºs SÃ¡nchez Padial;29/07/2017;29/07/2017;0;0;0;0;1;0;1;0;0;1;0000-0001-9532-3133;1;0;0;0;1;0;1;0;0;M.Sc. Software Engineering;Jefe de Servicio de BiometrÃ­a;Jefe de Ãrea;GijÃ³n;Madrid;Madrid;ES;ES;ES;Universidad de Oviedo;INIA;Ministerio de Ciencia e InnovaciÃ³n;Software Systems and Computation;SubdirecciÃ³n General de InvestigaciÃ³n y TecnologÃ­a;;;;;;;;;;Ministerio de Ciencia e InnovaciÃ³n;2017;ES;Madrid;;;;;;;;;;;
Juan Cobo;31/07/2017;31/07/2017;0;0;0;0;1;0;1;0;0;1;0000-0003-4776-0261;1;0;0;0;1;0;1;0;0;Phd;;;Cambridge;;;GB;;;University of Cambridge;;;Faculty of History;;;;;;;;;;;;2017;GB;Cambridge;;;;;;;;;;;
RocÃ­o MÃ©ndez;27/07/2021;27/07/2021;0;0;0;0;1;0;1;0;0;1;0000-0002-8801-636X;1;0;0;0;1;0;1;0;0;;;;;;;;;;;;;;;;;;;;;;;;;2021;;;;;;;;;;;;;
JosÃ© Luis Losada;11/07/2020;11/07/2020;0;0;0;0;1;0;1;0;0;1;;0;0;0;0;1;0;1;0;0;;;;;;;;;;;;;;;;;;;;;;;;;2020;;;;;;;;;;;;;
Luisina Silva;17/05/2017;17/05/2017;0;0;0;0;1;0;1;0;0;1;;0;0;0;0;1;0;1;0;0;;;;;;;;;;;;;;;;;;;;;;;;;2017;;;;;;;;;;;;;
Carlos Loz;07/10/2017;07/10/2017;0;0;0;0;1;0;1;0;0;1;;0;0;0;0;1;0;1;0;0;;;;;;;;;;;;;;;;;;;;;;;;;2017;;;;;;;;;;;;;
Alicia Calvo;26/04/2017;26/04/2017;0;0;0;0;1;0;1;0;0;1;;0;0;0;0;1;0;1;0;0;;;;;;;;;;;;;;;;;;;;;;;;;2017;;;;;;;;;;;;;
Jairo Antonio Melo FlÃ³rez;30/03/2020;30/03/2020;0;0;0;0;1;1;0;0;0;1;;0;0;0;0;1;1;0;0;0;;;;;;;;;;;;;;;;;;;;;;;;;2020;;;;;;;;;;;;;
IÃ±aki Cano;27/07/2021;27/07/2021;0;0;0;0;1;0;1;0;0;1;0000-0002-6678-7606;1;0;0;0;1;0;1;0;0;;;;;;;;;;;;;;;;;;;;;;;;;2021;;;;;;;;;;;;;
David Merino Recalde;16/11/2021;16/11/2021;0;0;0;0;1;0;1;0;0;1;0000-0003-2740-7831;1;0;0;0;1;0;1;0;0;TÃ­tulo Superior en Arte DramÃ¡tico;;;GijÃ³n;;;ES;;;Escuela Superior de Arte DramÃ¡tico de Asturias;;;Arte DramÃ¡tico;;;;;;;;;;;;2021;ES;GijÃ³n;;;;;;;;;;;
Aldo Barriente;14/12/2021;14/12/2021;0;0;0;0;1;0;1;0;0;1;;0;0;0;0;1;0;1;0;0;;;;;;;;;;;;;;;;;;;;;;;;;2021;;;;;;;;;;;;;
MarÃ­a Dolores SÃ¡ez;30/08/2021;30/08/2021;0;0;0;0;1;1;0;0;0;1;;0;0;0;0;1;1;0;0;0;;;;;;;;;;;;;;;;;;;;;;;;;2021;;;;;;;;;;;;;
MarÃ­a-JesÃºs Colmenero-Ruiz;17/05/2017;02/06/2018;1;0;0;0;2;0;0;0;2;2;0000-0002-1650-1091;1;0;0;0;1;0;0;0;2;Licenciado;;Professor;Alcala de Henares;;Madrid;ES;;ES;Universidad de Alcala de Henares Facultad de Biologia;;Universidad Complutense de Madrid;Facultad de Biologia;;;;;;;;;;;Universidad Complutense de Madrid;2017;ES;Alcala de Henares;;;;;;;;;;;
Maria Jose Afanador;02/06/2018;02/06/2018;0;0;0;0;1;0;1;0;0;1;0000-0003-2652-5799;1;0;0;0;1;0;1;0;0;Phd;;;Austin;;;US;;;University of Texas at Austin;;;History;;;;;;;;;;;;2018;US;Austin;;;;;;;;;;;
HD CAICYT Lab team;01/03/2021;01/03/2021;0;0;0;0;1;0;0;0;1;1;;0;0;0;0;1;0;0;0;1;;;;;;;;;;;;;;;;;;;;;;;;;2021;;;;;;;;;;;;;
Melissa Jerome;14/12/2021;14/12/2021;0;0;0;0;1;0;1;0;0;1;0000-0001-8251-7131;1;0;0;0;1;0;1;0;0;;Project Manager;Librarian;;Gainesville;Gainesville;;US;US;;University of Florida;University of Florida;;George A. Smathers Libraries;;;;;;;;;;University of Florida;2021;US;Gainesville;;;;;;;;;;;
Nidia HernÃ¡ndez;01/03/2021;01/03/2021;0;0;0;0;1;0;0;0;1;1;;0;0;0;0;1;0;0;0;1;;;;;;;;;;;;;;;;;;;;;;;;;2021;;;;;;;;;;;;;
Gimena del Rio Riande;01/03/2021;01/03/2021;0;0;0;0;1;0;0;0;1;1;0000-0002-8997-5415;1;0;0;0;1;0;0;0;1;;;;;;;;;;;;;;;;;;;;;;;;;2021;;;;;;;;;;;;;
Romina De LeÃ³n;01/03/2021;01/03/2021;0;0;0;0;1;0;0;0;1;1;0000-0003-2495-7213;1;0;0;0;1;0;0;0;1;TÃ©cnico auxiliar;;;Buenos Aires;;;AR;;;Consejo Nacional de Investigaciones Cientificas y Tecnicas;;;IDEHU ;;;;;;;;;;;;2021;AR;Buenos Aires;;;;;;;;;;;
Raffaele Viglianti;01/03/2021;01/03/2021;0;0;0;0;1;0;0;0;1;1;0000-0003-3094-139X;1;0;0;0;1;0;0;0;1;Phd;;;London;;;GB;;;" ""King's College London""";;;Department of Digital Humanities;;;;;;;;;;;;2021;GB;London;;;;;;;;;;;
Kahlila Chaar-PÃ©rez;01/03/2021;01/03/2021;0;0;0;0;1;0;1;0;0;1;0000-0001-7038-5450;1;0;0;0;1;0;1;0;0;;;;;;;;;;;;;;;;;;;;;;;;;2021;;;;;;;;;;;;;
Mathilda Shepard;01/03/2021;01/03/2021;0;0;0;0;1;0;1;0;0;1;0000-0002-3416-448X;1;0;0;0;1;0;1;0;0;;;;;;;;;;;;;;;Department of Art History;;;;;;;;;;2021;;;;;;;;;;;;;
Pedro Carrillo;02/08/2018;02/08/2018;0;0;0;0;1;0;1;0;0;1;;0;0;0;0;1;0;1;0;0;;;;;;;;;;;;;;;;;;;;;;;;;2018;;;;;;;;;;;;;
Ulrike Henny-Krahmer;31/10/2018;31/10/2018;0;0;0;0;1;0;0;0;1;1;0000-0003-2852-065X;1;0;0;0;1;0;0;0;1;Research Assistant;Research Assistant;Research Assistant;Cologne;Wurzburg;Cologne;DE;DE;DE;University of Cologne;University of WÃ¼rzburg;University of Cologne;Cologne Center for eHumanities;Chair of Computational Philology;;;;;;;;;;University of Cologne;2018;DE;Wurzburg;;;;;;;;;;;
